// images.h
// contains image buffers for simple space invaders
// Jonathan Valvano, March 5, 2018
// Capture image dimensions from BMP files

#ifndef __images_h
#define __images_h
#include <stdint.h>


// *************************** Images ***************************

#include <stdint.h>

// Rocket rotation frames: 18x18 pixels, BGR565 format
// Generated from single source BMP (pointing up) rotated 32 steps
// Rocket[0]=up, Rocket[8]=left, Rocket[16]=down, Rocket[24]=right (CCW)

const unsigned short ship0[324] = {
 0x0000, 0x0000, 0x0000, 0x0000, 0x0000, 0x0000, 0x0000, 0x0000, 0x0000, 0x0000, 0x0000, 0x0000, 0x0000, 0x0000, 0x0000, 0x0000,
 0x0000, 0x0000, 0x0000, 0x0000, 0x0000, 0x0000, 0x0000, 0x0000, 0x0000, 0x0000, 0x0000, 0x0000, 0x0000, 0x0000, 0x0000, 0x0000,
 0x0000, 0x0000, 0x0000, 0x0000, 0x0000, 0x0000, 0x0000, 0x0000, 0x0000, 0x0000, 0x0000, 0x0000, 0x0000, 0x0000, 0x0000, 0x0000,
 0x0000, 0x0000, 0x0000, 0x0000, 0x0000, 0x0000, 0x0000, 0x0000, 0x0000, 0x0000, 0xDEFB, 0x5A8A, 0x0000, 0x0000, 0x9471, 0xDDB4,
 0x9471, 0x0000, 0x0000, 0x0000, 0x0000, 0x0000, 0x0000, 0x0000, 0x0000, 0x0000, 0x0000, 0xDEFB, 0xDEFB, 0xDEFB, 0x5A8A, 0x0000,
 0x9471, 0xDDB4, 0x9471, 0x0000, 0x0000, 0x5A8A, 0xDEFB, 0x0000, 0x0000, 0x0000, 0x0000, 0x0000, 0x0000, 0xDEFB, 0xDEFB, 0xDEFB,
 0xDEFB, 0x5A8A, 0x9471, 0x0000, 0x9471, 0x0000, 0x5A8A, 0xDEFB, 0xDEFB, 0xDEFB, 0x0000, 0x0000, 0x0000, 0x0000, 0x0000, 0x0000,
 0xDEFB, 0xDEFB, 0xDEFB, 0xDEFB, 0x9471, 0x9471, 0x9471, 0x5A8A, 0xDEFB, 0xDEFB, 0xDEFB, 0xDEFB, 0x0000, 0x0000, 0x0000, 0x0000,
 0x0000, 0x0000, 0x0000, 0xDEFB, 0xDEFB, 0xDEFB, 0x9471, 0x9471, 0x9471, 0xDEFB, 0xDEFB, 0xDEFB, 0xDEFB, 0x0000, 0x0000, 0x0000,
 0x0000, 0x0000, 0x0000, 0x0000, 0x0000, 0xDEFB, 0xDEFB, 0xDEFB, 0xDEFB, 0x9471, 0x9471, 0xDEFB, 0xDEFB, 0xDEFB, 0x0000, 0x0000,
 0x0000, 0x0000, 0x0000, 0x0000, 0x0000, 0x0000, 0x0000, 0x0000, 0xDEFB, 0xDEFB, 0xDEFB, 0xDEFB, 0xDEFB, 0xDEFB, 0xDEFB, 0x0000,
 0x0000, 0x0000, 0x0000, 0x0000, 0x0000, 0x0000, 0x0000, 0x0000, 0x0000, 0x0000, 0x0000, 0xDEFB, 0xDEFB, 0xDEFB, 0xDEFB, 0xDEFB,
 0xDEFB, 0x0000, 0x0000, 0x0000, 0x0000, 0x0000, 0x0000, 0x0000, 0x0000, 0x0000, 0x0000, 0x0000, 0x0000, 0x0000, 0xDEFB, 0xDEFB,
 0xDEFB, 0xDEFB, 0x0000, 0x0000, 0x0000, 0x0000, 0x0000, 0x0000, 0x0000, 0x0000, 0x0000, 0x0000, 0x0000, 0x0000, 0x0000, 0x0000,
 0xDEFB, 0xDEFB, 0xDEFB, 0x0000, 0x0000, 0x0000, 0x0000, 0x0000, 0x0000, 0x0000, 0x0000, 0x0000, 0x0000, 0x0000, 0x0000, 0x0000,
 0x0000, 0x0000, 0xDEFB, 0xDEFB, 0x9471, 0x0000, 0x0000, 0x0000, 0x0000, 0x0000, 0x0000, 0x0000, 0x0000, 0x0000, 0x0000, 0x0000,
 0x0000, 0x0000, 0x0000, 0x0000, 0x9471, 0x9471, 0x9471, 0x0000, 0x0000, 0x0000, 0x0000, 0x0000, 0x0000, 0x0000, 0x0000, 0x0000,
 0x0000, 0x0000, 0x0000, 0x0000, 0x0000, 0x0000, 0x9471, 0x9471, 0x9471, 0x0000, 0x0000, 0x0000, 0x0000, 0x0000, 0x0000, 0x0000,
 0x0000, 0x0000, 0x0000, 0x0000, 0x0000, 0x0000, 0x0000, 0x0000, 0x9471, 0x9471, 0x9471, 0x0000, 0x0000, 0x0000, 0x0000, 0x0000,
 0x0000, 0x0000, 0x0000, 0x0000, 0x0000, 0x0000, 0x0000, 0x0000, 0x0000, 0x0000, 0x0000, 0xFFFF, 0x0000, 0x0000, 0x0000, 0x0000,
 0x0000, 0x0000, 0x0000, 0x0000,
};

const unsigned short ship1[324] = {
 0x0000, 0x0000, 0x0000, 0x0000, 0x0000, 0x0000, 0x0000, 0x0000, 0x0000, 0x0000, 0x0000, 0x0000, 0x0000, 0x0000, 0x0000, 0x0000,
 0x0000, 0x0000, 0x0000, 0x0000, 0x0000, 0x0000, 0x0000, 0x0000, 0x0000, 0x0000, 0x0000, 0x0000, 0x0000, 0x0000, 0x0000, 0x0000,
 0x0000, 0x0000, 0x0000, 0x0000, 0x0000, 0x0000, 0x0000, 0x0000, 0x0000, 0xDDB4, 0x5A8A, 0x0000, 0x0000, 0x0000, 0x0000, 0x0000,
 0x0000, 0x0000, 0x0000, 0x0000, 0x0000, 0x0000, 0x0000, 0x0000, 0x0000, 0x0000, 0xDEFB, 0xDEFB, 0xDEFB, 0x0000, 0x0000, 0x9471,
 0xDDB4, 0xDEFB, 0x0000, 0x0000, 0x0000, 0x0000, 0x0000, 0x0000, 0x0000, 0x0000, 0x0000, 0x0000, 0xDEFB, 0xDEFB, 0xDEFB, 0x5A8A,
 0x0000, 0x9471, 0xDDB4, 0x9471, 0x0000, 0x0000, 0x0000, 0x0000, 0x0000, 0x0000, 0x0000, 0x0000, 0x0000, 0x0000, 0xDDB4, 0xDEFB,
 0xDEFB, 0xDEFB, 0x5A8A, 0xDEFB, 0x0000, 0x9471, 0x0000, 0x0000, 0x5A8A, 0xDDB4, 0x0000, 0x0000, 0x0000, 0x0000, 0x0000, 0x0000,
 0x0000, 0xDEFB, 0xDEFB, 0xDEFB, 0x9471, 0x9471, 0x9471, 0xDEFB, 0x5A8A, 0xDEFB, 0xDEFB, 0xDEFB, 0x0000, 0x0000, 0x0000, 0x0000,
 0x0000, 0x0000, 0x0000, 0xDEFB, 0xDEFB, 0xDEFB, 0x9471, 0x9471, 0x9471, 0xDEFB, 0xDEFB, 0xDEFB, 0xDEFB, 0xDEFB, 0xDDB4, 0x0000,
 0x0000, 0x0000, 0x0000, 0x0000, 0x0000, 0x0000, 0xDEFB, 0xDEFB, 0xDEFB, 0x9471, 0x9471, 0xDEFB, 0xDEFB, 0xDEFB, 0xDEFB, 0xDDB4,
 0x0000, 0x0000, 0x0000, 0x0000, 0x0000, 0x0000, 0x0000, 0x0000, 0xDDB4, 0xDEFB, 0xDEFB, 0xDEFB, 0xDEFB, 0xDEFB, 0xDEFB, 0xDEFB,
 0x0000, 0x0000, 0x0000, 0x0000, 0x0000, 0x0000, 0x0000, 0x0000, 0x0000, 0x0000, 0x0000, 0xDEFB, 0xDEFB, 0xDEFB, 0xDEFB, 0xDEFB,
 0xDEFB, 0x0000, 0x0000, 0x0000, 0x0000, 0x0000, 0x0000, 0x0000, 0x0000, 0x0000, 0x0000, 0x0000, 0x0000, 0x0000, 0xDEFB, 0xDEFB,
 0xDEFB, 0xDEFB, 0x0000, 0x0000, 0x0000, 0x0000, 0x0000, 0x0000, 0x0000, 0x0000, 0x0000, 0x0000, 0x0000, 0x0000, 0x0000, 0xDDB4,
 0xDEFB, 0xDEFB, 0xDDB4, 0x0000, 0x0000, 0x0000, 0x0000, 0x0000, 0x0000, 0x0000, 0x0000, 0x0000, 0x0000, 0x0000, 0x0000, 0x0000,
 0x0000, 0xDEFB, 0xDEFB, 0x9471, 0x0000, 0x0000, 0x0000, 0x0000, 0x0000, 0x0000, 0x0000, 0x0000, 0x0000, 0x0000, 0x0000, 0x0000,
 0x0000, 0x0000, 0x0000, 0x9471, 0x9471, 0x9471, 0x0000, 0x0000, 0x0000, 0x0000, 0x0000, 0x0000, 0x0000, 0x0000, 0x0000, 0x0000,
 0x0000, 0x0000, 0x0000, 0x0000, 0x0000, 0x9471, 0x9471, 0x9471, 0x0000, 0x0000, 0x0000, 0x0000, 0x0000, 0x0000, 0x0000, 0x0000,
 0x0000, 0x0000, 0x0000, 0x0000, 0x0000, 0x0000, 0x0000, 0x9471, 0x9471, 0xDEFB, 0x0000, 0x0000, 0x0000, 0x0000, 0x0000, 0x0000,
 0x0000, 0x0000, 0x0000, 0x0000, 0x0000, 0x0000, 0x0000, 0x0000, 0x0000, 0xFFFF, 0x5A8A, 0x0000, 0x0000, 0x0000, 0x0000, 0x0000,
 0x0000, 0x0000, 0x0000, 0x0000,
};

const unsigned short ship2[324] = {
 0x0000, 0x0000, 0x0000, 0x0000, 0x0000, 0x0000, 0x0000, 0x0000, 0x0000, 0x0000, 0x0000, 0x0000, 0x0000, 0x0000, 0x0000, 0x0000,
 0x0000, 0x0000, 0x0000, 0x0000, 0x0000, 0x0000, 0x0000, 0x0000, 0x0000, 0x0000, 0x0000, 0x0000, 0x0000, 0x0000, 0x0000, 0x0000,
 0x0000, 0x0000, 0x0000, 0x0000, 0x0000, 0x0000, 0x0000, 0x0000, 0x0000, 0xDDB4, 0xDEFB, 0xDEFB, 0x0000, 0x0000, 0x0000, 0x0000,
 0x0000, 0x0000, 0x0000, 0x0000, 0x0000, 0x0000, 0x0000, 0x0000, 0x0000, 0x0000, 0x0000, 0xDEFB, 0xDEFB, 0xDEFB, 0x5A8A, 0x0000,
 0x9471, 0xDDB4, 0x0000, 0x0000, 0x0000, 0x0000, 0x0000, 0x0000, 0x0000, 0x0000, 0x0000, 0x0000, 0x0000, 0xDEFB, 0xDEFB, 0xDEFB,
 0x5A8A, 0x0000, 0x9471, 0xDDB4, 0x9471, 0x0000, 0x0000, 0x0000, 0x0000, 0x0000, 0x0000, 0x0000, 0x0000, 0x0000, 0x0000, 0x0000,
 0xDEFB, 0xDEFB, 0xDEFB, 0x9471, 0xDDB4, 0xDEFB, 0x9471, 0x0000, 0x0000, 0x0000, 0x0000, 0x0000, 0x0000, 0x0000, 0x0000, 0x0000,
 0x0000, 0x0000, 0xDEFB, 0xDEFB, 0xDEFB, 0x9471, 0xDEFB, 0x9471, 0x0000, 0x0000, 0x5A8A, 0x5A8A, 0x0000, 0x0000, 0x0000, 0x0000,
 0x0000, 0x0000, 0x0000, 0x0000, 0xDEFB, 0xDEFB, 0xDEFB, 0x9471, 0x9471, 0x9471, 0x5A8A, 0xDEFB, 0xDEFB, 0xDEFB, 0x0000, 0x0000,
 0x0000, 0x0000, 0x0000, 0x0000, 0x0000, 0x0000, 0xDEFB, 0xDEFB, 0xDEFB, 0x9471, 0x9471, 0xDEFB, 0xDEFB, 0xDEFB, 0xDEFB, 0xDEFB,
 0xDEFB, 0x0000, 0x0000, 0x0000, 0x0000, 0x0000, 0x0000, 0x0000, 0xDDB4, 0xDEFB, 0xDEFB, 0xDEFB, 0x9471, 0xDEFB, 0xDEFB, 0xDEFB,
 0xDEFB, 0xDEFB, 0x0000, 0x0000, 0x0000, 0x0000, 0x0000, 0x0000, 0x0000, 0x0000, 0x0000, 0xDEFB, 0xDEFB, 0xDEFB, 0xDEFB, 0xDEFB,
 0xDEFB, 0xDDB4, 0x0000, 0x0000, 0x0000, 0x0000, 0x0000, 0x0000, 0x0000, 0x0000, 0x0000, 0x0000, 0x0000, 0xDEFB, 0xDEFB, 0xDEFB,
 0xDEFB, 0xDEFB, 0x0000, 0x0000, 0x0000, 0x0000, 0x0000, 0x0000, 0x0000, 0x0000, 0x0000, 0x0000, 0x0000, 0x0000, 0xDDB4, 0xDEFB,
 0xDEFB, 0xDEFB, 0xDDB4, 0x0000, 0x0000, 0x0000, 0x0000, 0x0000, 0x0000, 0x0000, 0x0000, 0x0000, 0x0000, 0x0000, 0x0000, 0x0000,
 0xDEFB, 0xDEFB, 0x9471, 0x0000, 0x0000, 0x0000, 0x0000, 0x0000, 0x0000, 0x0000, 0x0000, 0x0000, 0x0000, 0x0000, 0x0000, 0x0000,
 0x0000, 0x0000, 0x9471, 0x9471, 0x9471, 0x0000, 0x0000, 0x0000, 0x0000, 0x0000, 0x0000, 0x0000, 0x0000, 0x0000, 0x0000, 0x0000,
 0x0000, 0x0000, 0x0000, 0x9471, 0x9471, 0x9471, 0x5A8A, 0x0000, 0x0000, 0x0000, 0x0000, 0x0000, 0x0000, 0x0000, 0x0000, 0x0000,
 0x0000, 0x0000, 0x0000, 0x0000, 0x0000, 0x5A8A, 0x9471, 0x9471, 0x0000, 0x0000, 0x0000, 0x0000, 0x0000, 0x0000, 0x0000, 0x0000,
 0x0000, 0x0000, 0x0000, 0x0000, 0x0000, 0x0000, 0x0000, 0x0000, 0x5A8A, 0x0000, 0x0000, 0x0000, 0x0000, 0x0000, 0x0000, 0x0000,
 0x0000, 0x0000, 0x0000, 0x0000,
};

const unsigned short ship3[324] = {
 0x0000, 0x0000, 0x0000, 0x0000, 0x0000, 0x0000, 0x0000, 0x0000, 0x0000, 0x0000, 0x0000, 0x0000, 0x0000, 0x0000, 0x0000, 0x0000,
 0x0000, 0x0000, 0x0000, 0x0000, 0x0000, 0x0000, 0x0000, 0x0000, 0x0000, 0x0000, 0xDDB4, 0x0000, 0x0000, 0x0000, 0x0000, 0x0000,
 0x0000, 0x0000, 0x0000, 0x0000, 0x0000, 0x0000, 0x0000, 0x0000, 0x0000, 0x0000, 0xDEFB, 0xDEFB, 0xDEFB, 0x0000, 0x0000, 0x0000,
 0x0000, 0x0000, 0x0000, 0x0000, 0x0000, 0x0000, 0x0000, 0x0000, 0x0000, 0x0000, 0x0000, 0x0000, 0xDEFB, 0xDEFB, 0xDEFB, 0x5A8A,
 0x0000, 0x0000, 0x0000, 0x0000, 0x0000, 0x0000, 0x0000, 0x0000, 0x0000, 0x0000, 0x0000, 0x0000, 0x0000, 0x0000, 0xDEFB, 0xDEFB,
 0xDEFB, 0x5A8A, 0x0000, 0x9471, 0xDDB4, 0x0000, 0x0000, 0x0000, 0x0000, 0x0000, 0x0000, 0x0000, 0x0000, 0x0000, 0x0000, 0x0000,
 0xDDB4, 0xDEFB, 0xDEFB, 0x5A8A, 0x9471, 0xDDB4, 0xDEFB, 0x9471, 0x0000, 0x0000, 0x0000, 0x0000, 0x0000, 0x0000, 0x0000, 0x0000,
 0x0000, 0x0000, 0xDEFB, 0xDEFB, 0xDEFB, 0x9471, 0x9471, 0x0000, 0x9471, 0x0000, 0x0000, 0x0000, 0x0000, 0x0000, 0x0000, 0x0000,
 0x0000, 0x0000, 0x0000, 0x0000, 0xDEFB, 0xDEFB, 0xDEFB, 0x9471, 0x9471, 0x9471, 0x5A8A, 0x0000, 0x0000, 0x5A8A, 0x0000, 0x0000,
 0x0000, 0x0000, 0x0000, 0x0000, 0x0000, 0x0000, 0xDDB4, 0xDEFB, 0xDEFB, 0x9471, 0x9471, 0x9471, 0x5A8A, 0xDEFB, 0xDEFB, 0xDEFB,
 0xDDB4, 0x0000, 0x0000, 0x0000, 0x0000, 0x0000, 0x0000, 0x0000, 0x0000, 0xDEFB, 0xDEFB, 0xDEFB, 0x9471, 0xDEFB, 0xDEFB, 0xDEFB,
 0xDEFB, 0xDEFB, 0xDEFB, 0x0000, 0x0000, 0x0000, 0x0000, 0x0000, 0x0000, 0x0000, 0x0000, 0xDEFB, 0xDEFB, 0xDEFB, 0xDEFB, 0xDEFB,
 0xDEFB, 0xDEFB, 0xDEFB, 0xDEFB, 0xDDB4, 0x0000, 0x0000, 0x0000, 0x0000, 0x0000, 0x0000, 0x0000, 0xDEFB, 0xDEFB, 0xDEFB, 0xDEFB,
 0xDEFB, 0xDEFB, 0xDDB4, 0x0000, 0x0000, 0x0000, 0x0000, 0x0000, 0x0000, 0x0000, 0x0000, 0x0000, 0x0000, 0xDDB4, 0xDEFB, 0xDEFB,
 0xDEFB, 0xDEFB, 0xDEFB, 0xDDB4, 0x0000, 0x0000, 0x0000, 0x0000, 0x0000, 0x0000, 0x0000, 0x0000, 0x0000, 0x0000, 0x0000, 0x9471,
 0x9471, 0x9471, 0x0000, 0x0000, 0x0000, 0x0000, 0x0000, 0x0000, 0x0000, 0x0000, 0x0000, 0x0000, 0x0000, 0x0000, 0x0000, 0x0000,
 0x9471, 0x9471, 0x9471, 0xDEFB, 0x0000, 0x0000, 0x0000, 0x0000, 0x0000, 0x0000, 0x0000, 0x0000, 0x0000, 0x0000, 0x0000, 0x0000,
 0x0000, 0x0000, 0x9471, 0x9471, 0x9471, 0x0000, 0x0000, 0x0000, 0x0000, 0x0000, 0x0000, 0x0000, 0x0000, 0x0000, 0x0000, 0x0000,
 0x0000, 0x0000, 0x0000, 0x0000, 0xFFFF, 0x5A8A, 0x0000, 0x0000, 0x0000, 0x0000, 0x0000, 0x0000, 0x0000, 0x0000, 0x0000, 0x0000,
 0x0000, 0x0000, 0x0000, 0x0000, 0x0000, 0x0000, 0x0000, 0x0000, 0x0000, 0x0000, 0x0000, 0x0000, 0x0000, 0x0000, 0x0000, 0x0000,
 0x0000, 0x0000, 0x0000, 0x0000,
};

const unsigned short ship4[324] = {
 0x0000, 0x0000, 0x0000, 0x0000, 0x0000, 0x0000, 0x0000, 0x0000, 0x0000, 0x0000, 0x0000, 0x0000, 0x0000, 0x0000, 0x0000, 0x0000,
 0x0000, 0x0000, 0x0000, 0x0000, 0x0000, 0x0000, 0x0000, 0x0000, 0x0000, 0x0000, 0x0000, 0xDDB4, 0x0000, 0x0000, 0x0000, 0x0000,
 0x0000, 0x0000, 0x0000, 0x0000, 0x0000, 0x0000, 0x0000, 0x0000, 0x0000, 0x0000, 0x0000, 0xDEFB, 0xDEFB, 0xDEFB, 0x5A8A, 0x0000,
 0x0000, 0x0000, 0x0000, 0x0000, 0x0000, 0x0000, 0x0000, 0x0000, 0x0000, 0x0000, 0x0000, 0x0000, 0x0000, 0xDEFB, 0xDEFB, 0xDEFB,
 0x5A8A, 0x0000, 0x0000, 0x0000, 0x0000, 0x0000, 0x0000, 0x0000, 0x0000, 0x0000, 0x0000, 0x0000, 0x0000, 0x0000, 0x0000, 0xDEFB,
 0xDEFB, 0xDEFB, 0x5A8A, 0x0000, 0x9471, 0x0000, 0x0000, 0x0000, 0x0000, 0x0000, 0x0000, 0x0000, 0x0000, 0x0000, 0x0000, 0x0000,
 0x0000, 0xDEFB, 0xDEFB, 0xDEFB, 0x5A8A, 0x9471, 0xDEFB, 0xDDB4, 0x0000, 0x0000, 0x0000, 0x0000, 0x0000, 0x0000, 0x0000, 0x0000,
 0x0000, 0x0000, 0xDDB4, 0xDEFB, 0xDEFB, 0xDEFB, 0x9471, 0x5A8A, 0xDDB4, 0x9471, 0x0000, 0x0000, 0x0000, 0x0000, 0x0000, 0x0000,
 0x0000, 0x0000, 0x0000, 0x0000, 0x0000, 0xDEFB, 0xDEFB, 0x9471, 0x9471, 0xDEFB, 0x9471, 0x5A8A, 0x0000, 0x0000, 0x0000, 0x0000,
 0x0000, 0x0000, 0x0000, 0x0000, 0x0000, 0x0000, 0xDDB4, 0xDEFB, 0xDEFB, 0x9471, 0x9471, 0x9471, 0x5A8A, 0x0000, 0x0000, 0x0000,
 0x0000, 0x0000, 0x0000, 0x0000, 0x0000, 0x0000, 0x0000, 0x0000, 0xDDB4, 0xDEFB, 0xDEFB, 0x9471, 0x9471, 0xDEFB, 0xDEFB, 0xDEFB,
 0xDEFB, 0xDEFB, 0xDDB4, 0x0000, 0x0000, 0x0000, 0x0000, 0x0000, 0x0000, 0x0000, 0xDEFB, 0xDEFB, 0xDEFB, 0xDEFB, 0xDEFB, 0xDEFB,
 0xDEFB, 0xDEFB, 0xDEFB, 0xDEFB, 0x0000, 0x0000, 0x0000, 0x0000, 0x0000, 0x0000, 0x0000, 0xDEFB, 0xDEFB, 0xDEFB, 0xDEFB, 0xDEFB,
 0xDEFB, 0xDEFB, 0xDEFB, 0xDEFB, 0xDEFB, 0xDEFB, 0x0000, 0x0000, 0x0000, 0x0000, 0x0000, 0x0000, 0x9471, 0x9471, 0xDEFB, 0xDEFB,
 0xDEFB, 0xDEFB, 0xDEFB, 0x0000, 0x0000, 0x0000, 0x0000, 0x0000, 0x0000, 0x0000, 0x0000, 0x0000, 0x0000, 0x9471, 0x9471, 0x9471,
 0x9471, 0x0000, 0x0000, 0x0000, 0x0000, 0x0000, 0x0000, 0x0000, 0x0000, 0x0000, 0x0000, 0x0000, 0x0000, 0x0000, 0x0000, 0x9471,
 0x9471, 0x9471, 0x0000, 0x0000, 0x0000, 0x0000, 0x0000, 0x0000, 0x0000, 0x0000, 0x0000, 0x0000, 0x0000, 0x0000, 0x0000, 0x0000,
 0x0000, 0xFFFF, 0x9471, 0x5A8A, 0x0000, 0x0000, 0x0000, 0x0000, 0x0000, 0x0000, 0x0000, 0x0000, 0x0000, 0x0000, 0x0000, 0x0000,
 0x0000, 0x0000, 0x0000, 0x0000, 0x0000, 0x0000, 0x0000, 0x0000, 0x0000, 0x0000, 0x0000, 0x0000, 0x0000, 0x0000, 0x0000, 0x0000,
 0x0000, 0x0000, 0x0000, 0x0000, 0x0000, 0x0000, 0x0000, 0x0000, 0x0000, 0x0000, 0x0000, 0x0000, 0x0000, 0x0000, 0x0000, 0x0000,
 0x0000, 0x0000, 0x0000, 0x0000,
};

const unsigned short ship5[324] = {
 0x0000, 0x0000, 0x0000, 0x0000, 0x0000, 0x0000, 0x0000, 0x0000, 0x0000, 0x0000, 0x0000, 0x0000, 0x0000, 0x0000, 0x0000, 0x0000,
 0x0000, 0x0000, 0x0000, 0x0000, 0x0000, 0x0000, 0x0000, 0x0000, 0x0000, 0x0000, 0x0000, 0xDDB4, 0x0000, 0x0000, 0x0000, 0x0000,
 0x0000, 0x0000, 0x0000, 0x0000, 0x0000, 0x0000, 0x0000, 0x0000, 0x0000, 0x0000, 0x0000, 0x0000, 0xDDB4, 0xDEFB, 0xDEFB, 0x5A8A,
 0x0000, 0x0000, 0x0000, 0x0000, 0x0000, 0x0000, 0x0000, 0x0000, 0x0000, 0x0000, 0x0000, 0x0000, 0x0000, 0x0000, 0xDEFB, 0xDEFB,
 0xDEFB, 0x5A8A, 0x0000, 0x0000, 0x0000, 0x0000, 0x0000, 0x0000, 0x0000, 0x0000, 0x0000, 0x0000, 0x0000, 0x0000, 0x0000, 0x0000,
 0xDEFB, 0xDEFB, 0xDEFB, 0x5A8A, 0x0000, 0x0000, 0x0000, 0x0000, 0x0000, 0x0000, 0x0000, 0x0000, 0x0000, 0x0000, 0x0000, 0x0000,
 0x0000, 0xDEFB, 0xDEFB, 0xDEFB, 0xDEFB, 0x0000, 0x5A8A, 0x9471, 0x0000, 0x0000, 0x0000, 0x0000, 0x0000, 0x0000, 0x0000, 0x0000,
 0x0000, 0x0000, 0x0000, 0xDEFB, 0xDEFB, 0xDEFB, 0xDEFB, 0x9471, 0xDEFB, 0xDDB4, 0xDDB4, 0x0000, 0x0000, 0x0000, 0x0000, 0x0000,
 0x0000, 0x0000, 0x0000, 0x0000, 0x0000, 0xDEFB, 0xDEFB, 0xDEFB, 0x9471, 0xDEFB, 0x0000, 0x9471, 0x9471, 0x0000, 0x0000, 0x0000,
 0x0000, 0x0000, 0x0000, 0x0000, 0x0000, 0x0000, 0x0000, 0xDEFB, 0xDEFB, 0x9471, 0x9471, 0x9471, 0x9471, 0x5A8A, 0x0000, 0x0000,
 0x0000, 0x0000, 0x0000, 0x0000, 0x0000, 0x0000, 0x0000, 0x0000, 0xDDB4, 0xDEFB, 0xDEFB, 0x9471, 0x9471, 0x9471, 0x5A8A, 0x0000,
 0x0000, 0x0000, 0x0000, 0x0000, 0x0000, 0x0000, 0x0000, 0x0000, 0x0000, 0xDEFB, 0xDEFB, 0xDEFB, 0xDEFB, 0xDEFB, 0xDEFB, 0xDEFB,
 0xDEFB, 0xDEFB, 0xDEFB, 0x5A8A, 0x0000, 0x0000, 0x0000, 0x0000, 0x0000, 0x5A8A, 0x9471, 0xDEFB, 0xDEFB, 0xDEFB, 0xDEFB, 0xDEFB,
 0xDEFB, 0xDEFB, 0xDEFB, 0xDEFB, 0xDEFB, 0xDEFB, 0x0000, 0x0000, 0x0000, 0x0000, 0x9471, 0x9471, 0x9471, 0x9471, 0x9471, 0xDDB4,
 0xDEFB, 0xDEFB, 0xDEFB, 0xDEFB, 0xDEFB, 0xDEFB, 0xDEFB, 0xDEFB, 0x0000, 0x0000, 0x0000, 0x0000, 0x9471, 0x9471, 0x9471, 0xDEFB,
 0x0000, 0x0000, 0x0000, 0x0000, 0x0000, 0x0000, 0x0000, 0x0000, 0x0000, 0x0000, 0x0000, 0x0000, 0x0000, 0x0000, 0x5A8A, 0x9471,
 0x5A8A, 0x0000, 0x0000, 0x0000, 0x0000, 0x0000, 0x0000, 0x0000, 0x0000, 0x0000, 0x0000, 0x0000, 0x0000, 0x0000, 0x0000, 0x0000,
 0x0000, 0x0000, 0x0000, 0x0000, 0x0000, 0x0000, 0x0000, 0x0000, 0x0000, 0x0000, 0x0000, 0x0000, 0x0000, 0x0000, 0x0000, 0x0000,
 0x0000, 0x0000, 0x0000, 0x0000, 0x0000, 0x0000, 0x0000, 0x0000, 0x0000, 0x0000, 0x0000, 0x0000, 0x0000, 0x0000, 0x0000, 0x0000,
 0x0000, 0x0000, 0x0000, 0x0000, 0x0000, 0x0000, 0x0000, 0x0000, 0x0000, 0x0000, 0x0000, 0x0000, 0x0000, 0x0000, 0x0000, 0x0000,
 0x0000, 0x0000, 0x0000, 0x0000,
};

const unsigned short ship6[324] = {
 0x0000, 0x0000, 0x0000, 0x0000, 0x0000, 0x0000, 0x0000, 0x0000, 0x0000, 0x0000, 0x0000, 0x0000, 0x0000, 0x0000, 0x0000, 0x0000,
 0x0000, 0x0000, 0x0000, 0x0000, 0x0000, 0x0000, 0x0000, 0x0000, 0x0000, 0x0000, 0x0000, 0x0000, 0x0000, 0x0000, 0x0000, 0x0000,
 0x0000, 0x0000, 0x0000, 0x0000, 0x0000, 0x0000, 0x0000, 0x0000, 0x0000, 0x0000, 0x0000, 0x0000, 0x0000, 0x0000, 0xDEFB, 0xDEFB,
 0xDDB4, 0x0000, 0x0000, 0x0000, 0x0000, 0x0000, 0x0000, 0x0000, 0x0000, 0x0000, 0x0000, 0x0000, 0x0000, 0x0000, 0x0000, 0xDDB4,
 0xDEFB, 0xDEFB, 0xDEFB, 0x0000, 0x0000, 0x0000, 0x0000, 0x0000, 0x0000, 0x0000, 0x0000, 0x0000, 0x0000, 0x0000, 0x0000, 0x0000,
 0x0000, 0xDEFB, 0xDEFB, 0xDEFB, 0x5A8A, 0x0000, 0x0000, 0x0000, 0x0000, 0x0000, 0x0000, 0x0000, 0x0000, 0x0000, 0x0000, 0x0000,
 0x0000, 0x0000, 0xDEFB, 0xDEFB, 0xDEFB, 0xDEFB, 0x0000, 0x0000, 0x0000, 0x0000, 0x0000, 0x0000, 0x0000, 0x0000, 0x0000, 0x0000,
 0x0000, 0x0000, 0x0000, 0xDDB4, 0xDEFB, 0xDEFB, 0xDEFB, 0x5A8A, 0xDEFB, 0x9471, 0xDDB4, 0x0000, 0x0000, 0x0000, 0x0000, 0x0000,
 0x0000, 0x0000, 0x0000, 0x0000, 0x0000, 0xDEFB, 0xDEFB, 0xDEFB, 0x9471, 0x9471, 0xDEFB, 0xDDB4, 0xDDB4, 0x0000, 0x0000, 0x0000,
 0x0000, 0x0000, 0x0000, 0x0000, 0x0000, 0x0000, 0xDDB4, 0xDEFB, 0xDEFB, 0xDEFB, 0x9471, 0x9471, 0x0000, 0x9471, 0x9471, 0x0000,
 0x0000, 0x0000, 0x0000, 0x0000, 0x0000, 0x0000, 0x0000, 0xDDB4, 0xDEFB, 0xDEFB, 0xDEFB, 0x9471, 0x9471, 0x9471, 0x9471, 0x0000,
 0x0000, 0x0000, 0x0000, 0x0000, 0x0000, 0x0000, 0x5A8A, 0x9471, 0xDEFB, 0xDEFB, 0xDEFB, 0xDEFB, 0xDEFB, 0xDEFB, 0x9471, 0xDEFB,
 0x5A8A, 0x0000, 0x0000, 0x0000, 0x0000, 0x0000, 0x0000, 0xDEFB, 0x9471, 0x9471, 0x9471, 0xDEFB, 0xDEFB, 0xDEFB, 0xDEFB, 0xDEFB,
 0xDEFB, 0xDEFB, 0xDEFB, 0xDEFB, 0x5A8A, 0x5A8A, 0x0000, 0x0000, 0x0000, 0xFFFF, 0x9471, 0x9471, 0x9471, 0xDEFB, 0x0000, 0xDDB4,
 0xDEFB, 0xDEFB, 0xDEFB, 0xDEFB, 0xDEFB, 0xDEFB, 0xDEFB, 0xDDB4, 0x0000, 0x0000, 0x0000, 0x0000, 0xDEFB, 0x5A8A, 0x0000, 0x0000,
 0x0000, 0x0000, 0x0000, 0x0000, 0x0000, 0xDDB4, 0xDEFB, 0xDEFB, 0xDEFB, 0x0000, 0x0000, 0x0000, 0x0000, 0x0000, 0x0000, 0x0000,
 0x0000, 0x0000, 0x0000, 0x0000, 0x0000, 0x0000, 0x0000, 0x0000, 0x0000, 0x0000, 0x0000, 0x0000, 0x0000, 0x0000, 0x0000, 0x0000,
 0x0000, 0x0000, 0x0000, 0x0000, 0x0000, 0x0000, 0x0000, 0x0000, 0x0000, 0x0000, 0x0000, 0x0000, 0x0000, 0x0000, 0x0000, 0x0000,
 0x0000, 0x0000, 0x0000, 0x0000, 0x0000, 0x0000, 0x0000, 0x0000, 0x0000, 0x0000, 0x0000, 0x0000, 0x0000, 0x0000, 0x0000, 0x0000,
 0x0000, 0x0000, 0x0000, 0x0000, 0x0000, 0x0000, 0x0000, 0x0000, 0x0000, 0x0000, 0x0000, 0x0000, 0x0000, 0x0000, 0x0000, 0x0000,
 0x0000, 0x0000, 0x0000, 0x0000,
};

const unsigned short ship7[324] = {
 0x0000, 0x0000, 0x0000, 0x0000, 0x0000, 0x0000, 0x0000, 0x0000, 0x0000, 0x0000, 0x0000, 0x0000, 0x0000, 0x0000, 0x0000, 0x0000,
 0x0000, 0x0000, 0x0000, 0x0000, 0x0000, 0x0000, 0x0000, 0x0000, 0x0000, 0x0000, 0x0000, 0x0000, 0x0000, 0x0000, 0x0000, 0x0000,
 0x0000, 0x0000, 0x0000, 0x0000, 0x0000, 0x0000, 0x0000, 0x0000, 0x0000, 0x0000, 0x0000, 0x0000, 0x0000, 0x0000, 0x0000, 0xDEFB,
 0xDDB4, 0x0000, 0x0000, 0x0000, 0x0000, 0x0000, 0x0000, 0x0000, 0x0000, 0x0000, 0x0000, 0x0000, 0x0000, 0x0000, 0x0000, 0x0000,
 0xDDB4, 0xDEFB, 0xDEFB, 0xDEFB, 0x0000, 0x0000, 0x0000, 0x0000, 0x0000, 0x0000, 0x0000, 0x0000, 0x0000, 0x0000, 0x0000, 0x0000,
 0x0000, 0x0000, 0xDEFB, 0xDEFB, 0xDEFB, 0x5A8A, 0x0000, 0x0000, 0x0000, 0x0000, 0x0000, 0x0000, 0x0000, 0x0000, 0x0000, 0x0000,
 0x0000, 0x0000, 0xDDB4, 0xDEFB, 0xDEFB, 0xDEFB, 0xDEFB, 0x0000, 0x0000, 0x0000, 0x0000, 0x0000, 0x0000, 0x0000, 0x0000, 0x0000,
 0x0000, 0x0000, 0x0000, 0x0000, 0xDEFB, 0xDEFB, 0xDEFB, 0xDEFB, 0x5A8A, 0x0000, 0x0000, 0x0000, 0x0000, 0x0000, 0x0000, 0x0000,
 0x0000, 0x0000, 0x0000, 0x0000, 0x0000, 0xDEFB, 0xDEFB, 0xDEFB, 0xDEFB, 0x9471, 0x9471, 0x9471, 0x9471, 0x0000, 0x0000, 0x0000,
 0x0000, 0x0000, 0x0000, 0x0000, 0x0000, 0x0000, 0xDDB4, 0xDEFB, 0xDEFB, 0xDEFB, 0x9471, 0x9471, 0x0000, 0xDDB4, 0xDDB4, 0x0000,
 0x0000, 0x0000, 0x0000, 0xDEFB, 0xDEFB, 0x9471, 0xDEFB, 0xDEFB, 0xDEFB, 0xDEFB, 0xDEFB, 0x9471, 0x9471, 0x9471, 0x9471, 0x9471,
 0x9471, 0x0000, 0x0000, 0x0000, 0x5A8A, 0x9471, 0x9471, 0x9471, 0xDEFB, 0xDEFB, 0xDEFB, 0xDEFB, 0xDEFB, 0x9471, 0x9471, 0xDEFB,
 0x5A8A, 0x0000, 0x0000, 0x0000, 0x0000, 0x0000, 0xFFFF, 0x9471, 0x9471, 0x9471, 0x9471, 0xDEFB, 0xDEFB, 0xDEFB, 0xDEFB, 0xDEFB,
 0xDEFB, 0xDEFB, 0x5A8A, 0x0000, 0x0000, 0x0000, 0x0000, 0x0000, 0x0000, 0x0000, 0x5A8A, 0x0000, 0x0000, 0x0000, 0x0000, 0xDDB4,
 0xDEFB, 0xDEFB, 0xDEFB, 0xDEFB, 0xDEFB, 0xDEFB, 0x5A8A, 0x0000, 0x0000, 0x0000, 0x0000, 0x0000, 0x0000, 0x0000, 0x0000, 0x0000,
 0x0000, 0x0000, 0x0000, 0x0000, 0xDEFB, 0xDEFB, 0xDEFB, 0xDEFB, 0xDEFB, 0x0000, 0x0000, 0x0000, 0x0000, 0x0000, 0x0000, 0x0000,
 0x0000, 0x0000, 0x0000, 0x0000, 0x0000, 0x0000, 0x0000, 0xDDB4, 0xDEFB, 0xDEFB, 0x0000, 0x0000, 0x0000, 0x0000, 0x0000, 0x0000,
 0x0000, 0x0000, 0x0000, 0x0000, 0x0000, 0x0000, 0x0000, 0x0000, 0x0000, 0x0000, 0x0000, 0x0000, 0x0000, 0x0000, 0x0000, 0x0000,
 0x0000, 0x0000, 0x0000, 0x0000, 0x0000, 0x0000, 0x0000, 0x0000, 0x0000, 0x0000, 0x0000, 0x0000, 0x0000, 0x0000, 0x0000, 0x0000,
 0x0000, 0x0000, 0x0000, 0x0000, 0x0000, 0x0000, 0x0000, 0x0000, 0x0000, 0x0000, 0x0000, 0x0000, 0x0000, 0x0000, 0x0000, 0x0000,
 0x0000, 0x0000, 0x0000, 0x0000,
};

const unsigned short ship8[324] = {
 0x0000, 0x0000, 0x0000, 0x0000, 0x0000, 0x0000, 0x0000, 0x0000, 0x0000, 0x0000, 0x0000, 0x0000, 0x0000, 0x0000, 0x0000, 0x0000,
 0x0000, 0x0000, 0x0000, 0x0000, 0x0000, 0x0000, 0x0000, 0x0000, 0x0000, 0x0000, 0x0000, 0x0000, 0x0000, 0x0000, 0x0000, 0x0000,
 0x0000, 0x0000, 0x0000, 0x0000, 0x0000, 0x0000, 0x0000, 0x0000, 0x0000, 0x0000, 0x0000, 0x0000, 0x0000, 0x0000, 0x0000, 0x0000,
 0x0000, 0x0000, 0x0000, 0x0000, 0x0000, 0x0000, 0x0000, 0x0000, 0x0000, 0x0000, 0x0000, 0x0000, 0x0000, 0x0000, 0x0000, 0x0000,
 0x0000, 0x0000, 0xDEFB, 0xDEFB, 0x0000, 0x0000, 0x0000, 0x0000, 0x0000, 0x0000, 0x0000, 0x0000, 0x0000, 0x0000, 0x0000, 0x0000,
 0x0000, 0x0000, 0x0000, 0xDEFB, 0xDEFB, 0xDEFB, 0xDEFB, 0x0000, 0x0000, 0x0000, 0x0000, 0x0000, 0x0000, 0x0000, 0x0000, 0x0000,
 0x0000, 0x0000, 0x0000, 0xDEFB, 0xDEFB, 0xDEFB, 0xDEFB, 0xDEFB, 0x5A8A, 0x0000, 0x0000, 0x0000, 0x0000, 0x0000, 0x0000, 0x0000,
 0x0000, 0x0000, 0x0000, 0x0000, 0xDEFB, 0xDEFB, 0xDEFB, 0xDEFB, 0xDEFB, 0x5A8A, 0x0000, 0x0000, 0x0000, 0x0000, 0x0000, 0x0000,
 0x0000, 0x0000, 0x0000, 0x0000, 0x0000, 0xDEFB, 0xDEFB, 0xDEFB, 0xDEFB, 0xDEFB, 0x5A8A, 0x0000, 0x0000, 0x0000, 0x0000, 0x0000,
 0x0000, 0x9471, 0x9471, 0x9471, 0xDEFB, 0xDEFB, 0xDEFB, 0xDEFB, 0xDEFB, 0xDEFB, 0x9471, 0x9471, 0x9471, 0x9471, 0x9471, 0x0000,
 0x0000, 0x0000, 0xFFFF, 0x9471, 0x9471, 0x9471, 0xDEFB, 0xDEFB, 0xDEFB, 0xDEFB, 0xDEFB, 0x9471, 0x9471, 0x9471, 0x0000, 0xDDB4,
 0xDDB4, 0x0000, 0x0000, 0x0000, 0x0000, 0x9471, 0x9471, 0x9471, 0x9471, 0xDEFB, 0xDEFB, 0xDEFB, 0xDEFB, 0x9471, 0x9471, 0x9471,
 0x9471, 0x9471, 0x9471, 0x0000, 0x0000, 0x0000, 0x0000, 0x0000, 0x0000, 0x0000, 0x0000, 0x0000, 0xDEFB, 0xDEFB, 0xDEFB, 0xDEFB,
 0xDEFB, 0x5A8A, 0x0000, 0x0000, 0x0000, 0x0000, 0x0000, 0x0000, 0x0000, 0x0000, 0x0000, 0x0000, 0x0000, 0x0000, 0x0000, 0xDEFB,
 0xDEFB, 0xDEFB, 0xDEFB, 0xDEFB, 0x5A8A, 0x0000, 0x0000, 0x0000, 0x0000, 0x0000, 0x0000, 0x0000, 0x0000, 0x0000, 0x0000, 0x0000,
 0x0000, 0x0000, 0x0000, 0xDEFB, 0xDEFB, 0xDEFB, 0xDEFB, 0x5A8A, 0x0000, 0x0000, 0x0000, 0x0000, 0x0000, 0x0000, 0x0000, 0x0000,
 0x0000, 0x0000, 0x0000, 0x0000, 0x0000, 0x0000, 0xDEFB, 0xDEFB, 0xDEFB, 0xDEFB, 0x0000, 0x0000, 0x0000, 0x0000, 0x0000, 0x0000,
 0x0000, 0x0000, 0x0000, 0x0000, 0x0000, 0x0000, 0x0000, 0x0000, 0x0000, 0xDEFB, 0xDEFB, 0x0000, 0x0000, 0x0000, 0x0000, 0x0000,
 0x0000, 0x0000, 0x0000, 0x0000, 0x0000, 0x0000, 0x0000, 0x0000, 0x0000, 0x0000, 0x0000, 0x0000, 0x0000, 0x0000, 0x0000, 0x0000,
 0x0000, 0x0000, 0x0000, 0x0000, 0x0000, 0x0000, 0x0000, 0x0000, 0x0000, 0x0000, 0x0000, 0x0000, 0x0000, 0x0000, 0x0000, 0x0000,
 0x0000, 0x0000, 0x0000, 0x0000,
};

const unsigned short ship9[324] = {
 0x0000, 0x0000, 0x0000, 0x0000, 0x0000, 0x0000, 0x0000, 0x0000, 0x0000, 0x0000, 0x0000, 0x0000, 0x0000, 0x0000, 0x0000, 0x0000,
 0x0000, 0x0000, 0x0000, 0x0000, 0x0000, 0x0000, 0x0000, 0x0000, 0x0000, 0x0000, 0x0000, 0x0000, 0x0000, 0x0000, 0x0000, 0x0000,
 0x0000, 0x0000, 0x0000, 0x0000, 0x0000, 0x0000, 0x0000, 0x0000, 0x0000, 0x0000, 0x0000, 0x0000, 0x0000, 0x0000, 0x0000, 0x0000,
 0x0000, 0x0000, 0x0000, 0x0000, 0x0000, 0x0000, 0x0000, 0x0000, 0x0000, 0x0000, 0x0000, 0x0000, 0x0000, 0x0000, 0x0000, 0x0000,
 0x0000, 0x0000, 0x0000, 0x0000, 0x0000, 0x0000, 0x0000, 0x0000, 0x0000, 0x0000, 0x0000, 0x0000, 0x0000, 0x0000, 0x0000, 0x0000,
 0x0000, 0x0000, 0x0000, 0x0000, 0xDDB4, 0xDEFB, 0xDEFB, 0x0000, 0x0000, 0x0000, 0x0000, 0x0000, 0x0000, 0x0000, 0x0000, 0x0000,
 0x0000, 0x0000, 0x0000, 0x0000, 0xDEFB, 0xDEFB, 0xDEFB, 0xDEFB, 0xDEFB, 0xDDB4, 0x0000, 0x0000, 0x0000, 0x0000, 0x0000, 0x0000,
 0x0000, 0x0000, 0x0000, 0x0000, 0xDDB4, 0xDEFB, 0xDEFB, 0xDEFB, 0xDEFB, 0xDEFB, 0xDEFB, 0x5A8A, 0x0000, 0x0000, 0xFFFF, 0x9471,
 0x9471, 0x9471, 0xDEFB, 0xDDB4, 0x0000, 0xDEFB, 0xDEFB, 0xDEFB, 0xDEFB, 0xDEFB, 0xDEFB, 0x5A8A, 0x0000, 0x0000, 0x0000, 0x0000,
 0x5A8A, 0x9471, 0x9471, 0x9471, 0xDEFB, 0xDEFB, 0xDEFB, 0xDEFB, 0xDEFB, 0xDEFB, 0x9471, 0x9471, 0x5A8A, 0x0000, 0x0000, 0x0000,
 0x0000, 0x0000, 0x0000, 0xDEFB, 0x9471, 0x9471, 0x9471, 0xDEFB, 0xDEFB, 0xDEFB, 0xDEFB, 0x9471, 0x9471, 0x9471, 0xDEFB, 0x9471,
 0x9471, 0x0000, 0x0000, 0x0000, 0x0000, 0x0000, 0x0000, 0x0000, 0x0000, 0xDDB4, 0xDEFB, 0xDEFB, 0xDEFB, 0x9471, 0x9471, 0x9471,
 0x0000, 0xDDB4, 0xDDB4, 0x0000, 0x0000, 0x0000, 0x0000, 0x0000, 0x0000, 0x0000, 0x0000, 0x0000, 0xDEFB, 0xDEFB, 0xDEFB, 0xDEFB,
 0xDEFB, 0xDEFB, 0x9471, 0x9471, 0xDEFB, 0x0000, 0x0000, 0x0000, 0x0000, 0x0000, 0x0000, 0x0000, 0x0000, 0x0000, 0x0000, 0xDEFB,
 0xDEFB, 0xDEFB, 0xDEFB, 0x5A8A, 0x0000, 0x0000, 0x0000, 0x0000, 0x0000, 0x0000, 0x0000, 0x0000, 0x0000, 0x0000, 0x0000, 0x0000,
 0x0000, 0x0000, 0xDEFB, 0xDEFB, 0xDEFB, 0xDEFB, 0x0000, 0x0000, 0x0000, 0x0000, 0x0000, 0x0000, 0x0000, 0x0000, 0x0000, 0x0000,
 0x0000, 0x0000, 0x0000, 0x0000, 0x0000, 0xDEFB, 0xDEFB, 0xDEFB, 0x5A8A, 0x0000, 0x0000, 0x0000, 0x0000, 0x0000, 0x0000, 0x0000,
 0x0000, 0x0000, 0x0000, 0x0000, 0x0000, 0x0000, 0x0000, 0xDDB4, 0xDEFB, 0xDEFB, 0xDDB4, 0x0000, 0x0000, 0x0000, 0x0000, 0x0000,
 0x0000, 0x0000, 0x0000, 0x0000, 0x0000, 0x0000, 0x0000, 0x0000, 0x0000, 0x0000, 0xDDB4, 0x0000, 0x0000, 0x0000, 0x0000, 0x0000,
 0x0000, 0x0000, 0x0000, 0x0000, 0x0000, 0x0000, 0x0000, 0x0000, 0x0000, 0x0000, 0x0000, 0x0000, 0x0000, 0x0000, 0x0000, 0x0000,
 0x0000, 0x0000, 0x0000, 0x0000,
};

const unsigned short ship10[324] = {
 0x0000, 0x0000, 0x0000, 0x0000, 0x0000, 0x0000, 0x0000, 0x0000, 0x0000, 0x0000, 0x0000, 0x0000, 0x0000, 0x0000, 0x0000, 0x0000,
 0x0000, 0x0000, 0x0000, 0x0000, 0x0000, 0x0000, 0x0000, 0x0000, 0x0000, 0x0000, 0x0000, 0x0000, 0x0000, 0x0000, 0x0000, 0x0000,
 0x0000, 0x0000, 0x0000, 0x0000, 0x0000, 0x0000, 0x0000, 0x0000, 0x0000, 0x0000, 0x0000, 0x0000, 0x0000, 0x0000, 0x0000, 0x0000,
 0x0000, 0x0000, 0x0000, 0x0000, 0x0000, 0x0000, 0x0000, 0x0000, 0x0000, 0x0000, 0x0000, 0x0000, 0x0000, 0x0000, 0x0000, 0x0000,
 0x0000, 0x0000, 0x0000, 0x0000, 0x0000, 0x0000, 0x0000, 0x0000, 0x0000, 0x0000, 0x0000, 0x0000, 0x0000, 0x0000, 0x0000, 0x0000,
 0x0000, 0x0000, 0x0000, 0x0000, 0x0000, 0x0000, 0x0000, 0x0000, 0x0000, 0x0000, 0x0000, 0x5A8A, 0x9471, 0x0000, 0x0000, 0x0000,
 0x0000, 0x0000, 0x0000, 0x0000, 0x0000, 0x0000, 0x0000, 0xDEFB, 0xDEFB, 0xDDB4, 0x0000, 0x0000, 0x5A8A, 0x9471, 0x9471, 0x9471,
 0xDEFB, 0xDDB4, 0x0000, 0x0000, 0xDDB4, 0xDEFB, 0xDEFB, 0xDEFB, 0xDEFB, 0xDEFB, 0xDEFB, 0xDEFB, 0x0000, 0x0000, 0x0000, 0x9471,
 0x9471, 0x9471, 0xDEFB, 0xDEFB, 0xDEFB, 0xDEFB, 0xDEFB, 0xDEFB, 0xDEFB, 0xDEFB, 0xDEFB, 0xDEFB, 0xDEFB, 0xDEFB, 0x0000, 0x0000,
 0x0000, 0x0000, 0x5A8A, 0x9471, 0x9471, 0xDEFB, 0xDEFB, 0xDEFB, 0xDEFB, 0xDEFB, 0xDEFB, 0xDEFB, 0xDEFB, 0x5A8A, 0x5A8A, 0x0000,
 0x0000, 0x0000, 0x0000, 0x0000, 0x0000, 0x0000, 0x0000, 0xDEFB, 0xDEFB, 0xDEFB, 0xDEFB, 0x9471, 0x9471, 0x9471, 0x9471, 0x0000,
 0x0000, 0x0000, 0x0000, 0x0000, 0x0000, 0x0000, 0x0000, 0x0000, 0x0000, 0xDDB4, 0xDEFB, 0xDEFB, 0x9471, 0x9471, 0x9471, 0xDEFB,
 0xDDB4, 0x9471, 0x9471, 0x0000, 0x0000, 0x0000, 0x0000, 0x0000, 0x0000, 0x0000, 0x0000, 0x0000, 0xDEFB, 0xDEFB, 0xDEFB, 0xDEFB,
 0x9471, 0x9471, 0xDEFB, 0xDDB4, 0xDDB4, 0x0000, 0x0000, 0x0000, 0x0000, 0x0000, 0x0000, 0x0000, 0x0000, 0x0000, 0x0000, 0xDEFB,
 0xDEFB, 0xDEFB, 0x5A8A, 0x0000, 0x9471, 0x9471, 0x0000, 0x0000, 0x0000, 0x0000, 0x0000, 0x0000, 0x0000, 0x0000, 0x0000, 0x0000,
 0x0000, 0xDDB4, 0xDEFB, 0xDEFB, 0xDEFB, 0x0000, 0x0000, 0x0000, 0x0000, 0x0000, 0x0000, 0x0000, 0x0000, 0x0000, 0x0000, 0x0000,
 0x0000, 0x0000, 0x0000, 0x0000, 0xDEFB, 0xDEFB, 0xDEFB, 0x5A8A, 0x0000, 0x0000, 0x0000, 0x0000, 0x0000, 0x0000, 0x0000, 0x0000,
 0x0000, 0x0000, 0x0000, 0x0000, 0x0000, 0x0000, 0xDEFB, 0xDEFB, 0xDEFB, 0x5A8A, 0x0000, 0x0000, 0x0000, 0x0000, 0x0000, 0x0000,
 0x0000, 0x0000, 0x0000, 0x0000, 0x0000, 0x0000, 0x0000, 0x0000, 0x0000, 0xDEFB, 0x0000, 0x0000, 0x0000, 0x0000, 0x0000, 0x0000,
 0x0000, 0x0000, 0x0000, 0x0000, 0x0000, 0x0000, 0x0000, 0x0000, 0x0000, 0x0000, 0x0000, 0x0000, 0x0000, 0x0000, 0x0000, 0x0000,
 0x0000, 0x0000, 0x0000, 0x0000,
};

const unsigned short ship11[324] = {
 0x0000, 0x0000, 0x0000, 0x0000, 0x0000, 0x0000, 0x0000, 0x0000, 0x0000, 0x0000, 0x0000, 0x0000, 0x0000, 0x0000, 0x0000, 0x0000,
 0x0000, 0x0000, 0x0000, 0x0000, 0x0000, 0x0000, 0x0000, 0x0000, 0x0000, 0x0000, 0x0000, 0x0000, 0x0000, 0x0000, 0x0000, 0x0000,
 0x0000, 0x0000, 0x0000, 0x0000, 0x0000, 0x0000, 0x0000, 0x0000, 0x0000, 0x0000, 0x0000, 0x0000, 0x0000, 0x0000, 0x0000, 0x0000,
 0x0000, 0x0000, 0x0000, 0x0000, 0x0000, 0x0000, 0x0000, 0x0000, 0x0000, 0x0000, 0x0000, 0x0000, 0x0000, 0x0000, 0x0000, 0x0000,
 0x0000, 0x0000, 0x0000, 0x0000, 0x0000, 0x0000, 0x0000, 0x0000, 0x0000, 0xFFFF, 0x9471, 0x9471, 0x0000, 0x0000, 0x0000, 0x0000,
 0x0000, 0x0000, 0x0000, 0x0000, 0x0000, 0x0000, 0x0000, 0x0000, 0x0000, 0x0000, 0x0000, 0x5A8A, 0x9471, 0x9471, 0x9471, 0xDDB4,
 0x0000, 0x0000, 0x0000, 0x0000, 0x0000, 0x0000, 0x0000, 0x0000, 0x0000, 0x0000, 0x0000, 0x0000, 0x0000, 0x0000, 0x9471, 0x9471,
 0x9471, 0xDEFB, 0xDEFB, 0x0000, 0x0000, 0xDDB4, 0xDEFB, 0xDEFB, 0xDDB4, 0xDEFB, 0xDEFB, 0xDEFB, 0x0000, 0x0000, 0x0000, 0x0000,
 0x0000, 0xDEFB, 0x9471, 0xDEFB, 0xDEFB, 0xDEFB, 0xDEFB, 0xDEFB, 0xDEFB, 0xDEFB, 0xDEFB, 0xDEFB, 0xDEFB, 0xDEFB, 0x0000, 0x0000,
 0x0000, 0x0000, 0x0000, 0x0000, 0x0000, 0xDEFB, 0xDEFB, 0xDEFB, 0xDEFB, 0xDEFB, 0xDEFB, 0xDEFB, 0xDEFB, 0xDEFB, 0xDEFB, 0xDEFB,
 0xDDB4, 0x0000, 0x0000, 0x0000, 0x0000, 0x0000, 0x0000, 0xDEFB, 0xDEFB, 0xDEFB, 0xDEFB, 0x9471, 0x9471, 0x9471, 0x5A8A, 0x5A8A,
 0x5A8A, 0x0000, 0x0000, 0x0000, 0x0000, 0x0000, 0x0000, 0x0000, 0x0000, 0xDEFB, 0xDEFB, 0xDEFB, 0x9471, 0x9471, 0x9471, 0x9471,
 0x9471, 0x0000, 0x0000, 0x0000, 0x0000, 0x0000, 0x0000, 0x0000, 0x0000, 0x0000, 0x0000, 0xDDB4, 0xDEFB, 0xDEFB, 0xDEFB, 0x9471,
 0x9471, 0x0000, 0xDDB4, 0x9471, 0x0000, 0x0000, 0x0000, 0x0000, 0x0000, 0x0000, 0x0000, 0x0000, 0x0000, 0x0000, 0xDDB4, 0xDEFB,
 0xDEFB, 0x5A8A, 0x5A8A, 0x9471, 0xDEFB, 0xDDB4, 0x0000, 0x0000, 0x0000, 0x0000, 0x0000, 0x0000, 0x0000, 0x0000, 0x0000, 0x0000,
 0x0000, 0xDEFB, 0xDEFB, 0xDEFB, 0x0000, 0x0000, 0x9471, 0x0000, 0x0000, 0x0000, 0x0000, 0x0000, 0x0000, 0x0000, 0x0000, 0x0000,
 0x0000, 0x0000, 0x0000, 0xDEFB, 0xDEFB, 0xDEFB, 0x0000, 0x0000, 0x0000, 0x0000, 0x0000, 0x0000, 0x0000, 0x0000, 0x0000, 0x0000,
 0x0000, 0x0000, 0x0000, 0x0000, 0x0000, 0xDEFB, 0xDEFB, 0xDEFB, 0x5A8A, 0x0000, 0x0000, 0x0000, 0x0000, 0x0000, 0x0000, 0x0000,
 0x0000, 0x0000, 0x0000, 0x0000, 0x0000, 0x0000, 0x0000, 0xDDB4, 0xDEFB, 0xDDB4, 0x0000, 0x0000, 0x0000, 0x0000, 0x0000, 0x0000,
 0x0000, 0x0000, 0x0000, 0x0000, 0x0000, 0x0000, 0x0000, 0x0000, 0x0000, 0x0000, 0x0000, 0x0000, 0x0000, 0x0000, 0x0000, 0x0000,
 0x0000, 0x0000, 0x0000, 0x0000,
};

const unsigned short ship12[324] = {
 0x0000, 0x0000, 0x0000, 0x0000, 0x0000, 0x0000, 0x0000, 0x0000, 0x0000, 0x0000, 0x0000, 0x0000, 0x0000, 0x0000, 0x0000, 0x0000,
 0x0000, 0x0000, 0x0000, 0x0000, 0x0000, 0x0000, 0x0000, 0x0000, 0x0000, 0x0000, 0x0000, 0x0000, 0x0000, 0x0000, 0x0000, 0x0000,
 0x0000, 0x0000, 0x0000, 0x0000, 0x0000, 0x0000, 0x0000, 0x0000, 0x0000, 0x0000, 0x0000, 0x0000, 0x0000, 0x0000, 0x0000, 0x0000,
 0x0000, 0x0000, 0x0000, 0x0000, 0x0000, 0x0000, 0x0000, 0x0000, 0xFFFF, 0x9471, 0x9471, 0x0000, 0x0000, 0x0000, 0x0000, 0x0000,
 0x0000, 0x0000, 0x0000, 0x0000, 0x0000, 0x0000, 0x0000, 0x0000, 0x0000, 0x0000, 0x9471, 0x9471, 0x9471, 0x9471, 0x0000, 0x0000,
 0x0000, 0x0000, 0x0000, 0x0000, 0x0000, 0x0000, 0x0000, 0x0000, 0x0000, 0x0000, 0x0000, 0x0000, 0x5A8A, 0x9471, 0x9471, 0x9471,
 0xDEFB, 0x0000, 0x0000, 0x0000, 0x0000, 0x0000, 0x0000, 0x0000, 0x0000, 0x0000, 0x0000, 0x0000, 0x0000, 0x0000, 0x0000, 0x0000,
 0x9471, 0xDEFB, 0xDEFB, 0xDEFB, 0xDDB4, 0xDDB4, 0x0000, 0xDDB4, 0x0000, 0x0000, 0x0000, 0x0000, 0x0000, 0x0000, 0x0000, 0x0000,
 0x0000, 0x0000, 0x0000, 0xDEFB, 0xDEFB, 0xDEFB, 0xDEFB, 0xDEFB, 0xDEFB, 0xDEFB, 0xDEFB, 0xDEFB, 0xDEFB, 0xDEFB, 0x0000, 0x0000,
 0x0000, 0x0000, 0x0000, 0x0000, 0x0000, 0xDEFB, 0xDEFB, 0xDEFB, 0xDEFB, 0xDEFB, 0xDEFB, 0xDEFB, 0xDEFB, 0xDEFB, 0xDEFB, 0xDEFB,
 0x0000, 0x0000, 0x0000, 0x0000, 0x0000, 0x0000, 0x0000, 0xDEFB, 0xDEFB, 0xDEFB, 0x9471, 0x9471, 0x9471, 0xDEFB, 0xDEFB, 0xDEFB,
 0xDEFB, 0xDEFB, 0xDDB4, 0x0000, 0x0000, 0x0000, 0x0000, 0x0000, 0x0000, 0xDEFB, 0xDEFB, 0xDEFB, 0x9471, 0x9471, 0x9471, 0x9471,
 0x5A8A, 0x5A8A, 0x5A8A, 0x5A8A, 0x0000, 0x0000, 0x0000, 0x0000, 0x0000, 0x0000, 0x0000, 0x0000, 0xDEFB, 0xDEFB, 0xDEFB, 0x9471,
 0xDEFB, 0x5A8A, 0x9471, 0x0000, 0x0000, 0x0000, 0x0000, 0x0000, 0x0000, 0x0000, 0x0000, 0x0000, 0x0000, 0x0000, 0xDEFB, 0xDEFB,
 0xDEFB, 0x5A8A, 0x9471, 0xDDB4, 0xDEFB, 0x9471, 0x0000, 0x0000, 0x0000, 0x0000, 0x0000, 0x0000, 0x0000, 0x0000, 0x0000, 0x0000,
 0xDEFB, 0xDEFB, 0xDEFB, 0x0000, 0x5A8A, 0x9471, 0xDDB4, 0x0000, 0x0000, 0x0000, 0x0000, 0x0000, 0x0000, 0x0000, 0x0000, 0x0000,
 0x0000, 0x0000, 0xDEFB, 0xDEFB, 0xDEFB, 0x0000, 0x0000, 0x0000, 0x0000, 0x0000, 0x0000, 0x0000, 0x0000, 0x0000, 0x0000, 0x0000,
 0x0000, 0x0000, 0x0000, 0x0000, 0xDEFB, 0xDEFB, 0xDEFB, 0x0000, 0x0000, 0x0000, 0x0000, 0x0000, 0x0000, 0x0000, 0x0000, 0x0000,
 0x0000, 0x0000, 0x0000, 0x0000, 0x0000, 0x0000, 0x0000, 0x0000, 0xDDB4, 0x0000, 0x0000, 0x0000, 0x0000, 0x0000, 0x0000, 0x0000,
 0x0000, 0x0000, 0x0000, 0x0000, 0x0000, 0x0000, 0x0000, 0x0000, 0x0000, 0x0000, 0x0000, 0x0000, 0x0000, 0x0000, 0x0000, 0x0000,
 0x0000, 0x0000, 0x0000, 0x0000,
};

const unsigned short ship13[324] = {
 0x0000, 0x0000, 0x0000, 0x0000, 0x0000, 0x0000, 0x0000, 0x0000, 0x0000, 0x0000, 0x0000, 0x0000, 0x0000, 0x0000, 0x0000, 0x0000,
 0x0000, 0x0000, 0x0000, 0x0000, 0x0000, 0x0000, 0x0000, 0x0000, 0x0000, 0x0000, 0x0000, 0x0000, 0x0000, 0x0000, 0x0000, 0x0000,
 0x0000, 0x0000, 0x0000, 0x0000, 0x0000, 0x0000, 0x0000, 0x5A8A, 0x9471, 0x9471, 0x0000, 0x0000, 0x0000, 0x0000, 0x0000, 0x0000,
 0x0000, 0x0000, 0x0000, 0x0000, 0x0000, 0x0000, 0x0000, 0x0000, 0x0000, 0x9471, 0x9471, 0x9471, 0x5A8A, 0x0000, 0x0000, 0x0000,
 0x0000, 0x0000, 0x0000, 0x0000, 0x0000, 0x0000, 0x0000, 0x0000, 0x0000, 0x0000, 0x0000, 0x5A8A, 0x9471, 0x9471, 0x9471, 0x0000,
 0x0000, 0x0000, 0x0000, 0x0000, 0x0000, 0x0000, 0x0000, 0x0000, 0x0000, 0x0000, 0x0000, 0x0000, 0x0000, 0x0000, 0xDEFB, 0x9471,
 0xDEFB, 0xDEFB, 0x0000, 0x0000, 0x0000, 0x0000, 0x0000, 0x0000, 0x0000, 0x0000, 0x0000, 0x0000, 0x0000, 0x0000, 0x0000, 0x0000,
 0x0000, 0x9471, 0xDEFB, 0xDEFB, 0xDDB4, 0x0000, 0x0000, 0x0000, 0x0000, 0x0000, 0x0000, 0x0000, 0x0000, 0x0000, 0x0000, 0x0000,
 0x0000, 0x0000, 0x0000, 0xDDB4, 0xDEFB, 0xDEFB, 0xDEFB, 0xDEFB, 0xDEFB, 0xDEFB, 0xDEFB, 0x0000, 0x0000, 0x0000, 0x0000, 0x0000,
 0x0000, 0x0000, 0x0000, 0x0000, 0x0000, 0xDEFB, 0xDEFB, 0xDEFB, 0xDEFB, 0xDEFB, 0xDEFB, 0xDEFB, 0xDEFB, 0xDEFB, 0xDEFB, 0xDDB4,
 0x0000, 0x0000, 0x0000, 0x0000, 0x0000, 0x0000, 0x0000, 0xDEFB, 0xDEFB, 0xDEFB, 0x9471, 0x9471, 0xDEFB, 0xDEFB, 0xDEFB, 0xDEFB,
 0xDEFB, 0xDEFB, 0xDDB4, 0x0000, 0x0000, 0x0000, 0x0000, 0x0000, 0x0000, 0xDEFB, 0xDEFB, 0xDEFB, 0x9471, 0x9471, 0x9471, 0xDEFB,
 0xDEFB, 0xDEFB, 0xDEFB, 0xDEFB, 0x0000, 0x0000, 0x0000, 0x0000, 0x0000, 0x0000, 0x0000, 0xDEFB, 0xDEFB, 0xDEFB, 0x9471, 0x9471,
 0xDEFB, 0x9471, 0x0000, 0x5A8A, 0x5A8A, 0x5A8A, 0x0000, 0x0000, 0x0000, 0x0000, 0x0000, 0x0000, 0x0000, 0xDEFB, 0xDEFB, 0xDEFB,
 0x5A8A, 0x9471, 0x0000, 0xDEFB, 0x5A8A, 0x0000, 0x0000, 0x0000, 0x0000, 0x0000, 0x0000, 0x0000, 0x0000, 0x0000, 0x0000, 0xDEFB,
 0xDEFB, 0xDEFB, 0x0000, 0x5A8A, 0x9471, 0xDDB4, 0x9471, 0x0000, 0x0000, 0x0000, 0x0000, 0x0000, 0x0000, 0x0000, 0x0000, 0x0000,
 0x0000, 0xDEFB, 0xDEFB, 0xDEFB, 0x0000, 0x0000, 0x9471, 0xDDB4, 0x0000, 0x0000, 0x0000, 0x0000, 0x0000, 0x0000, 0x0000, 0x0000,
 0x0000, 0x0000, 0x0000, 0xDEFB, 0xDEFB, 0x5A8A, 0x0000, 0x0000, 0x0000, 0x0000, 0x0000, 0x0000, 0x0000, 0x0000, 0x0000, 0x0000,
 0x0000, 0x0000, 0x0000, 0x0000, 0x0000, 0x0000, 0x0000, 0x0000, 0x0000, 0x0000, 0x0000, 0x0000, 0x0000, 0x0000, 0x0000, 0x0000,
 0x0000, 0x0000, 0x0000, 0x0000, 0x0000, 0x0000, 0x0000, 0x0000, 0x0000, 0x0000, 0x0000, 0x0000, 0x0000, 0x0000, 0x0000, 0x0000,
 0x0000, 0x0000, 0x0000, 0x0000,
};

const unsigned short ship14[324] = {
 0x0000, 0x0000, 0x0000, 0x0000, 0x0000, 0x0000, 0x0000, 0x0000, 0x0000, 0x0000, 0x0000, 0x0000, 0x0000, 0x0000, 0x0000, 0x0000,
 0x0000, 0x0000, 0x0000, 0x0000, 0x0000, 0x0000, 0x0000, 0xFFFF, 0xDEFB, 0x0000, 0x0000, 0x0000, 0x0000, 0x0000, 0x0000, 0x0000,
 0x0000, 0x0000, 0x0000, 0x0000, 0x0000, 0x0000, 0x0000, 0x0000, 0xDEFB, 0x9471, 0x9471, 0x5A8A, 0x0000, 0x0000, 0x0000, 0x0000,
 0x0000, 0x0000, 0x0000, 0x0000, 0x0000, 0x0000, 0x0000, 0x0000, 0x0000, 0x0000, 0x5A8A, 0x9471, 0x9471, 0x9471, 0x0000, 0x0000,
 0x0000, 0x0000, 0x0000, 0x0000, 0x0000, 0x0000, 0x0000, 0x0000, 0x0000, 0x0000, 0x0000, 0x0000, 0x0000, 0x9471, 0x9471, 0xDEFB,
 0x0000, 0x0000, 0x0000, 0x0000, 0x0000, 0x0000, 0x0000, 0x0000, 0x0000, 0x0000, 0x0000, 0x0000, 0x0000, 0x0000, 0x0000, 0xDEFB,
 0xDEFB, 0xDEFB, 0xDDB4, 0x0000, 0x0000, 0x0000, 0x0000, 0x0000, 0x0000, 0x0000, 0x0000, 0x0000, 0x0000, 0x0000, 0x0000, 0x0000,
 0x0000, 0x0000, 0xDEFB, 0xDEFB, 0xDEFB, 0xDDB4, 0x0000, 0x0000, 0x0000, 0x0000, 0x0000, 0x0000, 0x0000, 0x0000, 0x0000, 0x0000,
 0x0000, 0x0000, 0x0000, 0xDDB4, 0xDEFB, 0xDEFB, 0xDEFB, 0xDEFB, 0xDEFB, 0xDDB4, 0x0000, 0x0000, 0x0000, 0x0000, 0x0000, 0x0000,
 0x0000, 0x0000, 0x0000, 0x0000, 0x0000, 0xDEFB, 0xDEFB, 0xDEFB, 0xDEFB, 0xDEFB, 0xDEFB, 0xDEFB, 0xDEFB, 0x0000, 0x0000, 0x0000,
 0x0000, 0x0000, 0x0000, 0x0000, 0x0000, 0x0000, 0x0000, 0xDEFB, 0xDEFB, 0xDEFB, 0x9471, 0xDEFB, 0xDEFB, 0xDEFB, 0xDEFB, 0xDEFB,
 0xDDB4, 0x0000, 0x0000, 0x0000, 0x0000, 0x0000, 0x0000, 0x0000, 0x0000, 0xDEFB, 0xDEFB, 0x9471, 0x9471, 0x9471, 0x9471, 0xDEFB,
 0xDEFB, 0xDEFB, 0xDEFB, 0xDEFB, 0x0000, 0x0000, 0x0000, 0x0000, 0x0000, 0x0000, 0xDDB4, 0xDEFB, 0xDEFB, 0xDEFB, 0x9471, 0x9471,
 0x9471, 0x5A8A, 0xDEFB, 0xDEFB, 0xDEFB, 0xDEFB, 0x0000, 0x0000, 0x0000, 0x0000, 0x0000, 0x0000, 0xDEFB, 0xDEFB, 0xDEFB, 0x5A8A,
 0x9471, 0x0000, 0xDEFB, 0xDEFB, 0x0000, 0x5A8A, 0xDEFB, 0xDDB4, 0x0000, 0x0000, 0x0000, 0x0000, 0x0000, 0x0000, 0xDEFB, 0xDEFB,
 0xDEFB, 0x0000, 0x0000, 0x9471, 0xDDB4, 0x9471, 0x0000, 0x0000, 0x0000, 0x0000, 0x0000, 0x0000, 0x0000, 0x0000, 0x0000, 0x0000,
 0xDEFB, 0xDEFB, 0x5A8A, 0x0000, 0x0000, 0x9471, 0xDDB4, 0xDDB4, 0x0000, 0x0000, 0x0000, 0x0000, 0x0000, 0x0000, 0x0000, 0x0000,
 0x0000, 0x0000, 0x0000, 0xDDB4, 0x5A8A, 0x0000, 0x0000, 0x0000, 0x0000, 0x0000, 0x0000, 0x0000, 0x0000, 0x0000, 0x0000, 0x0000,
 0x0000, 0x0000, 0x0000, 0x0000, 0x0000, 0x0000, 0x0000, 0x0000, 0x0000, 0x0000, 0x0000, 0x0000, 0x0000, 0x0000, 0x0000, 0x0000,
 0x0000, 0x0000, 0x0000, 0x0000, 0x0000, 0x0000, 0x0000, 0x0000, 0x0000, 0x0000, 0x0000, 0x0000, 0x0000, 0x0000, 0x0000, 0x0000,
 0x0000, 0x0000, 0x0000, 0x0000,
};

const unsigned short ship15[324] = {
 0x0000, 0x0000, 0x0000, 0x0000, 0x0000, 0x0000, 0xFFFF, 0x5A8A, 0x0000, 0x0000, 0x0000, 0x0000, 0x0000, 0x0000, 0x0000, 0x0000,
 0x0000, 0x0000, 0x0000, 0x0000, 0x0000, 0x0000, 0x0000, 0x0000, 0x9471, 0x9471, 0xDEFB, 0x0000, 0x0000, 0x0000, 0x0000, 0x0000,
 0x0000, 0x0000, 0x0000, 0x0000, 0x0000, 0x0000, 0x0000, 0x0000, 0x0000, 0x5A8A, 0x9471, 0x9471, 0xDEFB, 0x0000, 0x0000, 0x0000,
 0x0000, 0x0000, 0x0000, 0x0000, 0x0000, 0x0000, 0x0000, 0x0000, 0x0000, 0x0000, 0x0000, 0x0000, 0x9471, 0x9471, 0x9471, 0x0000,
 0x0000, 0x0000, 0x0000, 0x0000, 0x0000, 0x0000, 0x0000, 0x0000, 0x0000, 0x0000, 0x0000, 0x0000, 0x0000, 0x0000, 0x9471, 0xDEFB,
 0xDEFB, 0x0000, 0x0000, 0x0000, 0x0000, 0x0000, 0x0000, 0x0000, 0x0000, 0x0000, 0x0000, 0x0000, 0x0000, 0x0000, 0x0000, 0x0000,
 0xDEFB, 0xDEFB, 0xDEFB, 0x0000, 0x0000, 0x0000, 0x0000, 0x0000, 0x0000, 0x0000, 0x0000, 0x0000, 0x0000, 0x0000, 0x0000, 0x0000,
 0x0000, 0x0000, 0xDEFB, 0xDEFB, 0xDEFB, 0xDDB4, 0x0000, 0x0000, 0x0000, 0x0000, 0x0000, 0x0000, 0x0000, 0x0000, 0x0000, 0x0000,
 0x0000, 0x0000, 0x0000, 0xDDB4, 0xDEFB, 0xDEFB, 0xDEFB, 0xDEFB, 0xDEFB, 0x0000, 0x0000, 0x0000, 0x0000, 0x0000, 0x0000, 0x0000,
 0x0000, 0x0000, 0x0000, 0x0000, 0x0000, 0xDEFB, 0xDEFB, 0xDEFB, 0xDEFB, 0xDEFB, 0xDEFB, 0xDEFB, 0xDDB4, 0x0000, 0x0000, 0x0000,
 0x0000, 0x0000, 0x0000, 0x0000, 0x0000, 0x0000, 0x0000, 0xDEFB, 0xDEFB, 0x9471, 0x9471, 0xDEFB, 0xDEFB, 0xDEFB, 0xDEFB, 0x0000,
 0x0000, 0x0000, 0x0000, 0x0000, 0x0000, 0x0000, 0x0000, 0x0000, 0xDEFB, 0xDEFB, 0xDEFB, 0x9471, 0x9471, 0x9471, 0xDEFB, 0xDEFB,
 0xDEFB, 0xDEFB, 0xDDB4, 0x0000, 0x0000, 0x0000, 0x0000, 0x0000, 0x0000, 0xDDB4, 0xDEFB, 0xDEFB, 0xDEFB, 0xDEFB, 0x9471, 0x9471,
 0x9471, 0xDEFB, 0xDEFB, 0xDEFB, 0xDEFB, 0xDEFB, 0x0000, 0x0000, 0x0000, 0x0000, 0x0000, 0xDEFB, 0xDEFB, 0xDEFB, 0x5A8A, 0x5A8A,
 0x9471, 0x0000, 0x9471, 0x5A8A, 0xDEFB, 0xDEFB, 0xDEFB, 0xDDB4, 0x0000, 0x0000, 0x0000, 0x0000, 0x0000, 0xDEFB, 0xDEFB, 0xDEFB,
 0x0000, 0x0000, 0x9471, 0xDDB4, 0x9471, 0x0000, 0x0000, 0x5A8A, 0xDEFB, 0x0000, 0x0000, 0x0000, 0x0000, 0x0000, 0x0000, 0x0000,
 0xDEFB, 0x5A8A, 0x0000, 0x0000, 0x9471, 0xDDB4, 0x9471, 0x0000, 0x0000, 0x0000, 0x0000, 0x0000, 0x0000, 0x0000, 0x0000, 0x0000,
 0x0000, 0x0000, 0x0000, 0x0000, 0x0000, 0x0000, 0x0000, 0x0000, 0x0000, 0x0000, 0x0000, 0x0000, 0x0000, 0x0000, 0x0000, 0x0000,
 0x0000, 0x0000, 0x0000, 0x0000, 0x0000, 0x0000, 0x0000, 0x0000, 0x0000, 0x0000, 0x0000, 0x0000, 0x0000, 0x0000, 0x0000, 0x0000,
 0x0000, 0x0000, 0x0000, 0x0000, 0x0000, 0x0000, 0x0000, 0x0000, 0x0000, 0x0000, 0x0000, 0x0000, 0x0000, 0x0000, 0x0000, 0x0000,
 0x0000, 0x0000, 0x0000, 0x0000,
};

const unsigned short ship16[324] = {
 0x0000, 0x0000, 0x0000, 0x0000, 0x0000, 0x0000, 0x0000, 0x0000, 0xFFFF, 0x0000, 0x0000, 0x0000, 0x0000, 0x0000, 0x0000, 0x0000,
 0x0000, 0x0000, 0x0000, 0x0000, 0x0000, 0x0000, 0x0000, 0x0000, 0x0000, 0x9471, 0x9471, 0x9471, 0x0000, 0x0000, 0x0000, 0x0000,
 0x0000, 0x0000, 0x0000, 0x0000, 0x0000, 0x0000, 0x0000, 0x0000, 0x0000, 0x0000, 0x0000, 0x9471, 0x9471, 0x9471, 0x0000, 0x0000,
 0x0000, 0x0000, 0x0000, 0x0000, 0x0000, 0x0000, 0x0000, 0x0000, 0x0000, 0x0000, 0x0000, 0x0000, 0x0000, 0x9471, 0x9471, 0x9471,
 0x0000, 0x0000, 0x0000, 0x0000, 0x0000, 0x0000, 0x0000, 0x0000, 0x0000, 0x0000, 0x0000, 0x0000, 0x0000, 0x0000, 0x0000, 0x9471,
 0xDEFB, 0xDEFB, 0x0000, 0x0000, 0x0000, 0x0000, 0x0000, 0x0000, 0x0000, 0x0000, 0x0000, 0x0000, 0x0000, 0x0000, 0x0000, 0x0000,
 0x0000, 0xDEFB, 0xDEFB, 0xDEFB, 0x0000, 0x0000, 0x0000, 0x0000, 0x0000, 0x0000, 0x0000, 0x0000, 0x0000, 0x0000, 0x0000, 0x0000,
 0x0000, 0x0000, 0xDEFB, 0xDEFB, 0xDEFB, 0xDEFB, 0x0000, 0x0000, 0x0000, 0x0000, 0x0000, 0x0000, 0x0000, 0x0000, 0x0000, 0x0000,
 0x0000, 0x0000, 0x0000, 0xDEFB, 0xDEFB, 0xDEFB, 0xDEFB, 0xDEFB, 0xDEFB, 0x0000, 0x0000, 0x0000, 0x0000, 0x0000, 0x0000, 0x0000,
 0x0000, 0x0000, 0x0000, 0x0000, 0x0000, 0xDEFB, 0xDEFB, 0xDEFB, 0xDEFB, 0xDEFB, 0xDEFB, 0xDEFB, 0x0000, 0x0000, 0x0000, 0x0000,
 0x0000, 0x0000, 0x0000, 0x0000, 0x0000, 0x0000, 0xDEFB, 0xDEFB, 0xDEFB, 0x9471, 0x9471, 0xDEFB, 0xDEFB, 0xDEFB, 0xDEFB, 0x0000,
 0x0000, 0x0000, 0x0000, 0x0000, 0x0000, 0x0000, 0x0000, 0xDEFB, 0xDEFB, 0xDEFB, 0xDEFB, 0x9471, 0x9471, 0x9471, 0xDEFB, 0xDEFB,
 0xDEFB, 0x0000, 0x0000, 0x0000, 0x0000, 0x0000, 0x0000, 0x0000, 0xDEFB, 0xDEFB, 0xDEFB, 0xDEFB, 0x5A8A, 0x9471, 0x9471, 0x9471,
 0xDEFB, 0xDEFB, 0xDEFB, 0xDEFB, 0x0000, 0x0000, 0x0000, 0x0000, 0x0000, 0x0000, 0xDEFB, 0xDEFB, 0xDEFB, 0x5A8A, 0x0000, 0x9471,
 0x0000, 0x9471, 0x5A8A, 0xDEFB, 0xDEFB, 0xDEFB, 0xDEFB, 0x0000, 0x0000, 0x0000, 0x0000, 0x0000, 0x0000, 0xDEFB, 0x5A8A, 0x0000,
 0x0000, 0x9471, 0xDDB4, 0x9471, 0x0000, 0x5A8A, 0xDEFB, 0xDEFB, 0xDEFB, 0x0000, 0x0000, 0x0000, 0x0000, 0x0000, 0x0000, 0x0000,
 0x0000, 0x0000, 0x0000, 0x9471, 0xDDB4, 0x9471, 0x0000, 0x0000, 0x5A8A, 0xDEFB, 0x0000, 0x0000, 0x0000, 0x0000, 0x0000, 0x0000,
 0x0000, 0x0000, 0x0000, 0x0000, 0x0000, 0x0000, 0x0000, 0x0000, 0x0000, 0x0000, 0x0000, 0x0000, 0x0000, 0x0000, 0x0000, 0x0000,
 0x0000, 0x0000, 0x0000, 0x0000, 0x0000, 0x0000, 0x0000, 0x0000, 0x0000, 0x0000, 0x0000, 0x0000, 0x0000, 0x0000, 0x0000, 0x0000,
 0x0000, 0x0000, 0x0000, 0x0000, 0x0000, 0x0000, 0x0000, 0x0000, 0x0000, 0x0000, 0x0000, 0x0000, 0x0000, 0x0000, 0x0000, 0x0000,
 0x0000, 0x0000, 0x0000, 0x0000,
};

const unsigned short ship17[324] = {
 0x0000, 0x0000, 0x0000, 0x0000, 0x0000, 0x0000, 0x0000, 0x0000, 0x0000, 0x5A8A, 0xFFFF, 0x0000, 0x0000, 0x0000, 0x0000, 0x0000,
 0x0000, 0x0000, 0x0000, 0x0000, 0x0000, 0x0000, 0x0000, 0x0000, 0x0000, 0x0000, 0xDEFB, 0x9471, 0x9471, 0x0000, 0x0000, 0x0000,
 0x0000, 0x0000, 0x0000, 0x0000, 0x0000, 0x0000, 0x0000, 0x0000, 0x0000, 0x0000, 0x0000, 0x0000, 0x9471, 0x9471, 0x9471, 0x0000,
 0x0000, 0x0000, 0x0000, 0x0000, 0x0000, 0x0000, 0x0000, 0x0000, 0x0000, 0x0000, 0x0000, 0x0000, 0x0000, 0x0000, 0x9471, 0x9471,
 0x9471, 0x0000, 0x0000, 0x0000, 0x0000, 0x0000, 0x0000, 0x0000, 0x0000, 0x0000, 0x0000, 0x0000, 0x0000, 0x0000, 0x0000, 0x0000,
 0x9471, 0xDEFB, 0xDEFB, 0x0000, 0x0000, 0x0000, 0x0000, 0x0000, 0x0000, 0x0000, 0x0000, 0x0000, 0x0000, 0x0000, 0x0000, 0x0000,
 0x0000, 0xDDB4, 0xDEFB, 0xDEFB, 0xDDB4, 0x0000, 0x0000, 0x0000, 0x0000, 0x0000, 0x0000, 0x0000, 0x0000, 0x0000, 0x0000, 0x0000,
 0x0000, 0x0000, 0xDEFB, 0xDEFB, 0xDEFB, 0xDEFB, 0x0000, 0x0000, 0x0000, 0x0000, 0x0000, 0x0000, 0x0000, 0x0000, 0x0000, 0x0000,
 0x0000, 0x0000, 0x0000, 0xDEFB, 0xDEFB, 0xDEFB, 0xDEFB, 0xDEFB, 0xDEFB, 0x0000, 0x0000, 0x0000, 0x0000, 0x0000, 0x0000, 0x0000,
 0x0000, 0x0000, 0x0000, 0x0000, 0xDEFB, 0xDEFB, 0xDEFB, 0xDEFB, 0xDEFB, 0xDEFB, 0xDEFB, 0xDDB4, 0x0000, 0x0000, 0x0000, 0x0000,
 0x0000, 0x0000, 0x0000, 0x0000, 0xDDB4, 0xDEFB, 0xDEFB, 0xDEFB, 0xDEFB, 0x9471, 0x9471, 0xDEFB, 0xDEFB, 0xDEFB, 0x0000, 0x0000,
 0x0000, 0x0000, 0x0000, 0x0000, 0x0000, 0xDDB4, 0xDEFB, 0xDEFB, 0xDEFB, 0xDEFB, 0xDEFB, 0x9471, 0x9471, 0x9471, 0xDEFB, 0xDEFB,
 0xDEFB, 0x0000, 0x0000, 0x0000, 0x0000, 0x0000, 0x0000, 0x0000, 0xDEFB, 0xDEFB, 0xDEFB, 0x5A8A, 0xDEFB, 0x9471, 0x9471, 0x9471,
 0xDEFB, 0xDEFB, 0xDEFB, 0x0000, 0x0000, 0x0000, 0x0000, 0x0000, 0x0000, 0x0000, 0xDDB4, 0x5A8A, 0x0000, 0x0000, 0x9471, 0x0000,
 0xDEFB, 0x5A8A, 0xDEFB, 0xDEFB, 0xDEFB, 0xDDB4, 0x0000, 0x0000, 0x0000, 0x0000, 0x0000, 0x0000, 0x0000, 0x0000, 0x0000, 0x0000,
 0x9471, 0xDDB4, 0x9471, 0x0000, 0x5A8A, 0xDEFB, 0xDEFB, 0xDEFB, 0x0000, 0x0000, 0x0000, 0x0000, 0x0000, 0x0000, 0x0000, 0x0000,
 0x0000, 0x0000, 0xDEFB, 0xDDB4, 0x9471, 0x0000, 0x0000, 0xDEFB, 0xDEFB, 0xDEFB, 0x0000, 0x0000, 0x0000, 0x0000, 0x0000, 0x0000,
 0x0000, 0x0000, 0x0000, 0x0000, 0x0000, 0x0000, 0x0000, 0x0000, 0x0000, 0x5A8A, 0xDDB4, 0x0000, 0x0000, 0x0000, 0x0000, 0x0000,
 0x0000, 0x0000, 0x0000, 0x0000, 0x0000, 0x0000, 0x0000, 0x0000, 0x0000, 0x0000, 0x0000, 0x0000, 0x0000, 0x0000, 0x0000, 0x0000,
 0x0000, 0x0000, 0x0000, 0x0000, 0x0000, 0x0000, 0x0000, 0x0000, 0x0000, 0x0000, 0x0000, 0x0000, 0x0000, 0x0000, 0x0000, 0x0000,
 0x0000, 0x0000, 0x0000, 0x0000,
};

const unsigned short ship18[324] = {
 0x0000, 0x0000, 0x0000, 0x0000, 0x0000, 0x0000, 0x0000, 0x0000, 0x0000, 0x0000, 0x0000, 0x5A8A, 0x0000, 0x0000, 0x0000, 0x0000,
 0x0000, 0x0000, 0x0000, 0x0000, 0x0000, 0x0000, 0x0000, 0x0000, 0x0000, 0x0000, 0x0000, 0x0000, 0x9471, 0x9471, 0x5A8A, 0x0000,
 0x0000, 0x0000, 0x0000, 0x0000, 0x0000, 0x0000, 0x0000, 0x0000, 0x0000, 0x0000, 0x0000, 0x0000, 0x0000, 0x5A8A, 0x9471, 0x9471,
 0x9471, 0x0000, 0x0000, 0x0000, 0x0000, 0x0000, 0x0000, 0x0000, 0x0000, 0x0000, 0x0000, 0x0000, 0x0000, 0x0000, 0x0000, 0x9471,
 0x9471, 0x9471, 0x0000, 0x0000, 0x0000, 0x0000, 0x0000, 0x0000, 0x0000, 0x0000, 0x0000, 0x0000, 0x0000, 0x0000, 0x0000, 0x0000,
 0x0000, 0x9471, 0xDEFB, 0xDEFB, 0x0000, 0x0000, 0x0000, 0x0000, 0x0000, 0x0000, 0x0000, 0x0000, 0x0000, 0x0000, 0x0000, 0x0000,
 0x0000, 0xDDB4, 0xDEFB, 0xDEFB, 0xDEFB, 0xDDB4, 0x0000, 0x0000, 0x0000, 0x0000, 0x0000, 0x0000, 0x0000, 0x0000, 0x0000, 0x0000,
 0x0000, 0x0000, 0xDEFB, 0xDEFB, 0xDEFB, 0xDEFB, 0xDEFB, 0x0000, 0x0000, 0x0000, 0x0000, 0x0000, 0x0000, 0x0000, 0x0000, 0x0000,
 0x0000, 0x0000, 0xDDB4, 0xDEFB, 0xDEFB, 0xDEFB, 0xDEFB, 0xDEFB, 0xDEFB, 0x0000, 0x0000, 0x0000, 0x0000, 0x0000, 0x0000, 0x0000,
 0x0000, 0x0000, 0xDEFB, 0xDEFB, 0xDEFB, 0xDEFB, 0xDEFB, 0x9471, 0xDEFB, 0xDEFB, 0xDEFB, 0xDDB4, 0x0000, 0x0000, 0x0000, 0x0000,
 0x0000, 0x0000, 0x0000, 0xDEFB, 0xDEFB, 0xDEFB, 0xDEFB, 0xDEFB, 0xDEFB, 0x9471, 0x9471, 0xDEFB, 0xDEFB, 0xDEFB, 0x0000, 0x0000,
 0x0000, 0x0000, 0x0000, 0x0000, 0x0000, 0x0000, 0xDEFB, 0xDEFB, 0xDEFB, 0x5A8A, 0x9471, 0x9471, 0x9471, 0xDEFB, 0xDEFB, 0xDEFB,
 0x0000, 0x0000, 0x0000, 0x0000, 0x0000, 0x0000, 0x0000, 0x0000, 0x5A8A, 0x5A8A, 0x0000, 0x0000, 0x9471, 0xDEFB, 0x9471, 0xDEFB,
 0xDEFB, 0xDEFB, 0x0000, 0x0000, 0x0000, 0x0000, 0x0000, 0x0000, 0x0000, 0x0000, 0x0000, 0x0000, 0x0000, 0x9471, 0xDEFB, 0xDDB4,
 0x9471, 0xDEFB, 0xDEFB, 0xDEFB, 0x0000, 0x0000, 0x0000, 0x0000, 0x0000, 0x0000, 0x0000, 0x0000, 0x0000, 0x0000, 0x0000, 0x9471,
 0xDDB4, 0x9471, 0x0000, 0x5A8A, 0xDEFB, 0xDEFB, 0xDEFB, 0x0000, 0x0000, 0x0000, 0x0000, 0x0000, 0x0000, 0x0000, 0x0000, 0x0000,
 0x0000, 0x0000, 0xDDB4, 0x9471, 0x0000, 0x5A8A, 0xDEFB, 0xDEFB, 0xDEFB, 0x0000, 0x0000, 0x0000, 0x0000, 0x0000, 0x0000, 0x0000,
 0x0000, 0x0000, 0x0000, 0x0000, 0x0000, 0x0000, 0x0000, 0x0000, 0xDEFB, 0xDEFB, 0xDDB4, 0x0000, 0x0000, 0x0000, 0x0000, 0x0000,
 0x0000, 0x0000, 0x0000, 0x0000, 0x0000, 0x0000, 0x0000, 0x0000, 0x0000, 0x0000, 0x0000, 0x0000, 0x0000, 0x0000, 0x0000, 0x0000,
 0x0000, 0x0000, 0x0000, 0x0000, 0x0000, 0x0000, 0x0000, 0x0000, 0x0000, 0x0000, 0x0000, 0x0000, 0x0000, 0x0000, 0x0000, 0x0000,
 0x0000, 0x0000, 0x0000, 0x0000,
};

const unsigned short ship19[324] = {
 0x0000, 0x0000, 0x0000, 0x0000, 0x0000, 0x0000, 0x0000, 0x0000, 0x0000, 0x0000, 0x0000, 0x0000, 0x0000, 0x0000, 0x0000, 0x0000,
 0x0000, 0x0000, 0x0000, 0x0000, 0x0000, 0x0000, 0x0000, 0x0000, 0x0000, 0x0000, 0x0000, 0x0000, 0x0000, 0x0000, 0x5A8A, 0xFFFF,
 0x0000, 0x0000, 0x0000, 0x0000, 0x0000, 0x0000, 0x0000, 0x0000, 0x0000, 0x0000, 0x0000, 0x0000, 0x0000, 0x0000, 0x0000, 0x9471,
 0x9471, 0x9471, 0x0000, 0x0000, 0x0000, 0x0000, 0x0000, 0x0000, 0x0000, 0x0000, 0x0000, 0x0000, 0x0000, 0x0000, 0x0000, 0x0000,
 0xDEFB, 0x9471, 0x9471, 0x9471, 0x0000, 0x0000, 0x0000, 0x0000, 0x0000, 0x0000, 0x0000, 0x0000, 0x0000, 0x0000, 0x0000, 0x0000,
 0x0000, 0x0000, 0x9471, 0x9471, 0x9471, 0x0000, 0x0000, 0x0000, 0x0000, 0x0000, 0x0000, 0x0000, 0x0000, 0x0000, 0x0000, 0x0000,
 0xDDB4, 0xDEFB, 0xDEFB, 0xDEFB, 0xDEFB, 0xDEFB, 0xDDB4, 0x0000, 0x0000, 0x0000, 0x0000, 0x0000, 0x0000, 0x0000, 0x0000, 0x0000,
 0x0000, 0xDDB4, 0xDEFB, 0xDEFB, 0xDEFB, 0xDEFB, 0xDEFB, 0xDEFB, 0x0000, 0x0000, 0x0000, 0x0000, 0x0000, 0x0000, 0x0000, 0xDDB4,
 0xDEFB, 0xDEFB, 0xDEFB, 0xDEFB, 0xDEFB, 0xDEFB, 0xDEFB, 0xDEFB, 0xDEFB, 0x0000, 0x0000, 0x0000, 0x0000, 0x0000, 0x0000, 0x0000,
 0x0000, 0xDEFB, 0xDEFB, 0xDEFB, 0xDEFB, 0xDEFB, 0xDEFB, 0x9471, 0xDEFB, 0xDEFB, 0xDEFB, 0x0000, 0x0000, 0x0000, 0x0000, 0x0000,
 0x0000, 0x0000, 0x0000, 0xDDB4, 0xDEFB, 0xDEFB, 0xDEFB, 0x5A8A, 0x9471, 0x9471, 0x9471, 0xDEFB, 0xDEFB, 0xDDB4, 0x0000, 0x0000,
 0x0000, 0x0000, 0x0000, 0x0000, 0x0000, 0x0000, 0x5A8A, 0x0000, 0x0000, 0x5A8A, 0x9471, 0x9471, 0x9471, 0xDEFB, 0xDEFB, 0xDEFB,
 0x0000, 0x0000, 0x0000, 0x0000, 0x0000, 0x0000, 0x0000, 0x0000, 0x0000, 0x0000, 0x0000, 0x9471, 0x0000, 0x9471, 0x9471, 0xDEFB,
 0xDEFB, 0xDEFB, 0x0000, 0x0000, 0x0000, 0x0000, 0x0000, 0x0000, 0x0000, 0x0000, 0x0000, 0x0000, 0x9471, 0xDEFB, 0xDDB4, 0x9471,
 0x5A8A, 0xDEFB, 0xDEFB, 0xDDB4, 0x0000, 0x0000, 0x0000, 0x0000, 0x0000, 0x0000, 0x0000, 0x0000, 0x0000, 0x0000, 0x0000, 0xDDB4,
 0x9471, 0x0000, 0x5A8A, 0xDEFB, 0xDEFB, 0xDEFB, 0x0000, 0x0000, 0x0000, 0x0000, 0x0000, 0x0000, 0x0000, 0x0000, 0x0000, 0x0000,
 0x0000, 0x0000, 0x0000, 0x0000, 0x5A8A, 0xDEFB, 0xDEFB, 0xDEFB, 0x0000, 0x0000, 0x0000, 0x0000, 0x0000, 0x0000, 0x0000, 0x0000,
 0x0000, 0x0000, 0x0000, 0x0000, 0x0000, 0x0000, 0x0000, 0xDEFB, 0xDEFB, 0xDEFB, 0x0000, 0x0000, 0x0000, 0x0000, 0x0000, 0x0000,
 0x0000, 0x0000, 0x0000, 0x0000, 0x0000, 0x0000, 0x0000, 0x0000, 0x0000, 0xDDB4, 0x0000, 0x0000, 0x0000, 0x0000, 0x0000, 0x0000,
 0x0000, 0x0000, 0x0000, 0x0000, 0x0000, 0x0000, 0x0000, 0x0000, 0x0000, 0x0000, 0x0000, 0x0000, 0x0000, 0x0000, 0x0000, 0x0000,
 0x0000, 0x0000, 0x0000, 0x0000,
};

const unsigned short ship20[324] = {
 0x0000, 0x0000, 0x0000, 0x0000, 0x0000, 0x0000, 0x0000, 0x0000, 0x0000, 0x0000, 0x0000, 0x0000, 0x0000, 0x0000, 0x0000, 0x0000,
 0x0000, 0x0000, 0x0000, 0x0000, 0x0000, 0x0000, 0x0000, 0x0000, 0x0000, 0x0000, 0x0000, 0x0000, 0x0000, 0x0000, 0x0000, 0x0000,
 0x0000, 0x0000, 0x0000, 0x0000, 0x0000, 0x0000, 0x0000, 0x0000, 0x0000, 0x0000, 0x0000, 0x0000, 0x0000, 0x0000, 0x0000, 0x0000,
 0x5A8A, 0x9471, 0xFFFF, 0x0000, 0x0000, 0x0000, 0x0000, 0x0000, 0x0000, 0x0000, 0x0000, 0x0000, 0x0000, 0x0000, 0x0000, 0x0000,
 0x0000, 0x0000, 0x9471, 0x9471, 0x9471, 0x0000, 0x0000, 0x0000, 0x0000, 0x0000, 0x0000, 0x0000, 0x0000, 0x0000, 0x0000, 0x0000,
 0x0000, 0x0000, 0x0000, 0x9471, 0x9471, 0x9471, 0x9471, 0x0000, 0x0000, 0x0000, 0x0000, 0x0000, 0x0000, 0x0000, 0x0000, 0x0000,
 0x0000, 0xDEFB, 0xDEFB, 0xDEFB, 0xDEFB, 0xDEFB, 0x9471, 0x9471, 0x0000, 0x0000, 0x0000, 0x0000, 0x0000, 0x0000, 0xDEFB, 0xDEFB,
 0xDEFB, 0xDEFB, 0xDEFB, 0xDEFB, 0xDEFB, 0xDEFB, 0xDEFB, 0xDEFB, 0xDEFB, 0x0000, 0x0000, 0x0000, 0x0000, 0x0000, 0x0000, 0x0000,
 0xDEFB, 0xDEFB, 0xDEFB, 0xDEFB, 0xDEFB, 0xDEFB, 0xDEFB, 0xDEFB, 0xDEFB, 0xDEFB, 0x0000, 0x0000, 0x0000, 0x0000, 0x0000, 0x0000,
 0x0000, 0xDDB4, 0xDEFB, 0xDEFB, 0xDEFB, 0xDEFB, 0xDEFB, 0x9471, 0x9471, 0xDEFB, 0xDEFB, 0xDDB4, 0x0000, 0x0000, 0x0000, 0x0000,
 0x0000, 0x0000, 0x0000, 0x0000, 0x0000, 0x0000, 0x0000, 0x5A8A, 0x9471, 0x9471, 0x9471, 0xDEFB, 0xDEFB, 0xDDB4, 0x0000, 0x0000,
 0x0000, 0x0000, 0x0000, 0x0000, 0x0000, 0x0000, 0x0000, 0x0000, 0x5A8A, 0x9471, 0xDEFB, 0x9471, 0x9471, 0xDEFB, 0xDEFB, 0x0000,
 0x0000, 0x0000, 0x0000, 0x0000, 0x0000, 0x0000, 0x0000, 0x0000, 0x0000, 0x0000, 0x9471, 0xDDB4, 0x5A8A, 0x9471, 0xDEFB, 0xDEFB,
 0xDEFB, 0xDDB4, 0x0000, 0x0000, 0x0000, 0x0000, 0x0000, 0x0000, 0x0000, 0x0000, 0x0000, 0x0000, 0xDDB4, 0xDEFB, 0x9471, 0x5A8A,
 0xDEFB, 0xDEFB, 0xDEFB, 0x0000, 0x0000, 0x0000, 0x0000, 0x0000, 0x0000, 0x0000, 0x0000, 0x0000, 0x0000, 0x0000, 0x0000, 0x9471,
 0x0000, 0x5A8A, 0xDEFB, 0xDEFB, 0xDEFB, 0x0000, 0x0000, 0x0000, 0x0000, 0x0000, 0x0000, 0x0000, 0x0000, 0x0000, 0x0000, 0x0000,
 0x0000, 0x0000, 0x0000, 0x5A8A, 0xDEFB, 0xDEFB, 0xDEFB, 0x0000, 0x0000, 0x0000, 0x0000, 0x0000, 0x0000, 0x0000, 0x0000, 0x0000,
 0x0000, 0x0000, 0x0000, 0x0000, 0x0000, 0x5A8A, 0xDEFB, 0xDEFB, 0xDEFB, 0x0000, 0x0000, 0x0000, 0x0000, 0x0000, 0x0000, 0x0000,
 0x0000, 0x0000, 0x0000, 0x0000, 0x0000, 0x0000, 0x0000, 0x0000, 0xDDB4, 0x0000, 0x0000, 0x0000, 0x0000, 0x0000, 0x0000, 0x0000,
 0x0000, 0x0000, 0x0000, 0x0000, 0x0000, 0x0000, 0x0000, 0x0000, 0x0000, 0x0000, 0x0000, 0x0000, 0x0000, 0x0000, 0x0000, 0x0000,
 0x0000, 0x0000, 0x0000, 0x0000,
};

const unsigned short ship21[324] = {
 0x0000, 0x0000, 0x0000, 0x0000, 0x0000, 0x0000, 0x0000, 0x0000, 0x0000, 0x0000, 0x0000, 0x0000, 0x0000, 0x0000, 0x0000, 0x0000,
 0x0000, 0x0000, 0x0000, 0x0000, 0x0000, 0x0000, 0x0000, 0x0000, 0x0000, 0x0000, 0x0000, 0x0000, 0x0000, 0x0000, 0x0000, 0x0000,
 0x0000, 0x0000, 0x0000, 0x0000, 0x0000, 0x0000, 0x0000, 0x0000, 0x0000, 0x0000, 0x0000, 0x0000, 0x0000, 0x0000, 0x0000, 0x0000,
 0x0000, 0x0000, 0x0000, 0x0000, 0x0000, 0x0000, 0x0000, 0x0000, 0x0000, 0x0000, 0x0000, 0x0000, 0x0000, 0x0000, 0x0000, 0x0000,
 0x0000, 0x0000, 0x0000, 0x5A8A, 0x9471, 0x5A8A, 0x0000, 0x0000, 0x0000, 0x0000, 0x0000, 0x0000, 0x0000, 0x0000, 0x0000, 0x0000,
 0x0000, 0x0000, 0x0000, 0x0000, 0xDEFB, 0x9471, 0x9471, 0x9471, 0x0000, 0x0000, 0x0000, 0x0000, 0xDEFB, 0xDEFB, 0xDEFB, 0xDEFB,
 0xDEFB, 0xDEFB, 0xDEFB, 0xDEFB, 0xDDB4, 0x9471, 0x9471, 0x9471, 0x9471, 0x9471, 0x0000, 0x0000, 0x0000, 0x0000, 0xDEFB, 0xDEFB,
 0xDEFB, 0xDEFB, 0xDEFB, 0xDEFB, 0xDEFB, 0xDEFB, 0xDEFB, 0xDEFB, 0xDEFB, 0x9471, 0x5A8A, 0x0000, 0x0000, 0x0000, 0x0000, 0x0000,
 0x5A8A, 0xDEFB, 0xDEFB, 0xDEFB, 0xDEFB, 0xDEFB, 0xDEFB, 0xDEFB, 0xDEFB, 0xDEFB, 0xDEFB, 0x0000, 0x0000, 0x0000, 0x0000, 0x0000,
 0x0000, 0x0000, 0x0000, 0x0000, 0x0000, 0x5A8A, 0x9471, 0x9471, 0x9471, 0xDEFB, 0xDEFB, 0xDDB4, 0x0000, 0x0000, 0x0000, 0x0000,
 0x0000, 0x0000, 0x0000, 0x0000, 0x0000, 0x0000, 0x5A8A, 0x9471, 0x9471, 0x9471, 0x9471, 0xDEFB, 0xDEFB, 0x0000, 0x0000, 0x0000,
 0x0000, 0x0000, 0x0000, 0x0000, 0x0000, 0x0000, 0x0000, 0x9471, 0x9471, 0x0000, 0xDEFB, 0x9471, 0xDEFB, 0xDEFB, 0xDEFB, 0x0000,
 0x0000, 0x0000, 0x0000, 0x0000, 0x0000, 0x0000, 0x0000, 0x0000, 0x0000, 0xDDB4, 0xDDB4, 0xDEFB, 0x9471, 0xDEFB, 0xDEFB, 0xDEFB,
 0xDEFB, 0x0000, 0x0000, 0x0000, 0x0000, 0x0000, 0x0000, 0x0000, 0x0000, 0x0000, 0x0000, 0x0000, 0x9471, 0x5A8A, 0x0000, 0xDEFB,
 0xDEFB, 0xDEFB, 0xDEFB, 0x0000, 0x0000, 0x0000, 0x0000, 0x0000, 0x0000, 0x0000, 0x0000, 0x0000, 0x0000, 0x0000, 0x0000, 0x0000,
 0x5A8A, 0xDEFB, 0xDEFB, 0xDEFB, 0x0000, 0x0000, 0x0000, 0x0000, 0x0000, 0x0000, 0x0000, 0x0000, 0x0000, 0x0000, 0x0000, 0x0000,
 0x0000, 0x0000, 0x5A8A, 0xDEFB, 0xDEFB, 0xDEFB, 0x0000, 0x0000, 0x0000, 0x0000, 0x0000, 0x0000, 0x0000, 0x0000, 0x0000, 0x0000,
 0x0000, 0x0000, 0x0000, 0x0000, 0x5A8A, 0xDEFB, 0xDEFB, 0xDDB4, 0x0000, 0x0000, 0x0000, 0x0000, 0x0000, 0x0000, 0x0000, 0x0000,
 0x0000, 0x0000, 0x0000, 0x0000, 0x0000, 0x0000, 0x0000, 0x0000, 0xDDB4, 0x0000, 0x0000, 0x0000, 0x0000, 0x0000, 0x0000, 0x0000,
 0x0000, 0x0000, 0x0000, 0x0000, 0x0000, 0x0000, 0x0000, 0x0000, 0x0000, 0x0000, 0x0000, 0x0000, 0x0000, 0x0000, 0x0000, 0x0000,
 0x0000, 0x0000, 0x0000, 0x0000,
};

const unsigned short ship22[324] = {
 0x0000, 0x0000, 0x0000, 0x0000, 0x0000, 0x0000, 0x0000, 0x0000, 0x0000, 0x0000, 0x0000, 0x0000, 0x0000, 0x0000, 0x0000, 0x0000,
 0x0000, 0x0000, 0x0000, 0x0000, 0x0000, 0x0000, 0x0000, 0x0000, 0x0000, 0x0000, 0x0000, 0x0000, 0x0000, 0x0000, 0x0000, 0x0000,
 0x0000, 0x0000, 0x0000, 0x0000, 0x0000, 0x0000, 0x0000, 0x0000, 0x0000, 0x0000, 0x0000, 0x0000, 0x0000, 0x0000, 0x0000, 0x0000,
 0x0000, 0x0000, 0x0000, 0x0000, 0x0000, 0x0000, 0x0000, 0x0000, 0x0000, 0x0000, 0x0000, 0x0000, 0x0000, 0x0000, 0x0000, 0x0000,
 0x0000, 0x0000, 0x0000, 0x0000, 0x0000, 0x0000, 0x0000, 0x0000, 0x0000, 0x0000, 0x0000, 0xDEFB, 0xDEFB, 0xDEFB, 0xDDB4, 0x0000,
 0x0000, 0x0000, 0x0000, 0x0000, 0x0000, 0x0000, 0x5A8A, 0xDEFB, 0x0000, 0x0000, 0x0000, 0x0000, 0xDDB4, 0xDEFB, 0xDEFB, 0xDEFB,
 0xDEFB, 0xDEFB, 0xDEFB, 0xDEFB, 0xDDB4, 0x0000, 0xDEFB, 0x9471, 0x9471, 0x9471, 0xFFFF, 0x0000, 0x0000, 0x0000, 0x5A8A, 0x5A8A,
 0xDEFB, 0xDEFB, 0xDEFB, 0xDEFB, 0xDEFB, 0xDEFB, 0xDEFB, 0xDEFB, 0xDEFB, 0x9471, 0x9471, 0x9471, 0xDEFB, 0x0000, 0x0000, 0x0000,
 0x0000, 0x0000, 0x0000, 0x5A8A, 0xDEFB, 0x9471, 0xDEFB, 0xDEFB, 0xDEFB, 0xDEFB, 0xDEFB, 0xDEFB, 0x9471, 0x5A8A, 0x0000, 0x0000,
 0x0000, 0x0000, 0x0000, 0x0000, 0x0000, 0x9471, 0x9471, 0x9471, 0x9471, 0xDEFB, 0xDEFB, 0xDEFB, 0xDDB4, 0x0000, 0x0000, 0x0000,
 0x0000, 0x0000, 0x0000, 0x0000, 0x0000, 0x9471, 0x9471, 0x0000, 0x9471, 0x9471, 0xDEFB, 0xDEFB, 0xDEFB, 0xDDB4, 0x0000, 0x0000,
 0x0000, 0x0000, 0x0000, 0x0000, 0x0000, 0x0000, 0x0000, 0xDDB4, 0xDDB4, 0xDEFB, 0x9471, 0x9471, 0xDEFB, 0xDEFB, 0xDEFB, 0x0000,
 0x0000, 0x0000, 0x0000, 0x0000, 0x0000, 0x0000, 0x0000, 0x0000, 0x0000, 0xDDB4, 0x9471, 0xDEFB, 0x5A8A, 0xDEFB, 0xDEFB, 0xDEFB,
 0xDDB4, 0x0000, 0x0000, 0x0000, 0x0000, 0x0000, 0x0000, 0x0000, 0x0000, 0x0000, 0x0000, 0x0000, 0x0000, 0x0000, 0xDEFB, 0xDEFB,
 0xDEFB, 0xDEFB, 0x0000, 0x0000, 0x0000, 0x0000, 0x0000, 0x0000, 0x0000, 0x0000, 0x0000, 0x0000, 0x0000, 0x0000, 0x0000, 0x5A8A,
 0xDEFB, 0xDEFB, 0xDEFB, 0x0000, 0x0000, 0x0000, 0x0000, 0x0000, 0x0000, 0x0000, 0x0000, 0x0000, 0x0000, 0x0000, 0x0000, 0x0000,
 0x0000, 0xDEFB, 0xDEFB, 0xDEFB, 0xDDB4, 0x0000, 0x0000, 0x0000, 0x0000, 0x0000, 0x0000, 0x0000, 0x0000, 0x0000, 0x0000, 0x0000,
 0x0000, 0x0000, 0x0000, 0xDDB4, 0xDEFB, 0xDEFB, 0x0000, 0x0000, 0x0000, 0x0000, 0x0000, 0x0000, 0x0000, 0x0000, 0x0000, 0x0000,
 0x0000, 0x0000, 0x0000, 0x0000, 0x0000, 0x0000, 0x0000, 0x0000, 0x0000, 0x0000, 0x0000, 0x0000, 0x0000, 0x0000, 0x0000, 0x0000,
 0x0000, 0x0000, 0x0000, 0x0000, 0x0000, 0x0000, 0x0000, 0x0000, 0x0000, 0x0000, 0x0000, 0x0000, 0x0000, 0x0000, 0x0000, 0x0000,
 0x0000, 0x0000, 0x0000, 0x0000,
};

const unsigned short ship23[324] = {
 0x0000, 0x0000, 0x0000, 0x0000, 0x0000, 0x0000, 0x0000, 0x0000, 0x0000, 0x0000, 0x0000, 0x0000, 0x0000, 0x0000, 0x0000, 0x0000,
 0x0000, 0x0000, 0x0000, 0x0000, 0x0000, 0x0000, 0x0000, 0x0000, 0x0000, 0x0000, 0x0000, 0x0000, 0x0000, 0x0000, 0x0000, 0x0000,
 0x0000, 0x0000, 0x0000, 0x0000, 0x0000, 0x0000, 0x0000, 0x0000, 0x0000, 0x0000, 0x0000, 0x0000, 0x0000, 0x0000, 0x0000, 0x0000,
 0x0000, 0x0000, 0x0000, 0x0000, 0x0000, 0x0000, 0x0000, 0x0000, 0x0000, 0x0000, 0xDEFB, 0xDEFB, 0xDDB4, 0x0000, 0x0000, 0x0000,
 0x0000, 0x0000, 0x0000, 0x0000, 0x0000, 0x0000, 0x0000, 0x0000, 0x0000, 0x0000, 0x0000, 0xDEFB, 0xDEFB, 0xDEFB, 0xDEFB, 0xDEFB,
 0x0000, 0x0000, 0x0000, 0x0000, 0x0000, 0x0000, 0x0000, 0x0000, 0x0000, 0x0000, 0x0000, 0x0000, 0x0000, 0x5A8A, 0xDEFB, 0xDEFB,
 0xDEFB, 0xDEFB, 0xDEFB, 0xDEFB, 0xDDB4, 0x0000, 0x0000, 0x0000, 0x0000, 0x5A8A, 0x0000, 0x0000, 0x0000, 0x0000, 0x0000, 0x0000,
 0x0000, 0x5A8A, 0xDEFB, 0xDEFB, 0xDEFB, 0xDEFB, 0xDEFB, 0xDEFB, 0xDEFB, 0x9471, 0x9471, 0x9471, 0x9471, 0xFFFF, 0x0000, 0x0000,
 0x0000, 0x0000, 0x0000, 0x5A8A, 0xDEFB, 0x9471, 0x9471, 0xDEFB, 0xDEFB, 0xDEFB, 0xDEFB, 0xDEFB, 0x9471, 0x9471, 0x9471, 0x5A8A,
 0x0000, 0x0000, 0x0000, 0x9471, 0x9471, 0x9471, 0x9471, 0x9471, 0x9471, 0xDEFB, 0xDEFB, 0xDEFB, 0xDEFB, 0xDEFB, 0x9471, 0xDEFB,
 0xDEFB, 0x0000, 0x0000, 0x0000, 0x0000, 0xDDB4, 0xDDB4, 0x0000, 0x9471, 0x9471, 0xDEFB, 0xDEFB, 0xDEFB, 0xDDB4, 0x0000, 0x0000,
 0x0000, 0x0000, 0x0000, 0x0000, 0x0000, 0x0000, 0x0000, 0x9471, 0x9471, 0x9471, 0x9471, 0xDEFB, 0xDEFB, 0xDEFB, 0xDEFB, 0x0000,
 0x0000, 0x0000, 0x0000, 0x0000, 0x0000, 0x0000, 0x0000, 0x0000, 0x0000, 0x0000, 0x0000, 0x5A8A, 0xDEFB, 0xDEFB, 0xDEFB, 0xDEFB,
 0x0000, 0x0000, 0x0000, 0x0000, 0x0000, 0x0000, 0x0000, 0x0000, 0x0000, 0x0000, 0x0000, 0x0000, 0x0000, 0xDEFB, 0xDEFB, 0xDEFB,
 0xDEFB, 0xDDB4, 0x0000, 0x0000, 0x0000, 0x0000, 0x0000, 0x0000, 0x0000, 0x0000, 0x0000, 0x0000, 0x0000, 0x0000, 0x5A8A, 0xDEFB,
 0xDEFB, 0xDEFB, 0x0000, 0x0000, 0x0000, 0x0000, 0x0000, 0x0000, 0x0000, 0x0000, 0x0000, 0x0000, 0x0000, 0x0000, 0x0000, 0x0000,
 0xDEFB, 0xDEFB, 0xDEFB, 0xDDB4, 0x0000, 0x0000, 0x0000, 0x0000, 0x0000, 0x0000, 0x0000, 0x0000, 0x0000, 0x0000, 0x0000, 0x0000,
 0x0000, 0x0000, 0x0000, 0xDDB4, 0xDEFB, 0x0000, 0x0000, 0x0000, 0x0000, 0x0000, 0x0000, 0x0000, 0x0000, 0x0000, 0x0000, 0x0000,
 0x0000, 0x0000, 0x0000, 0x0000, 0x0000, 0x0000, 0x0000, 0x0000, 0x0000, 0x0000, 0x0000, 0x0000, 0x0000, 0x0000, 0x0000, 0x0000,
 0x0000, 0x0000, 0x0000, 0x0000, 0x0000, 0x0000, 0x0000, 0x0000, 0x0000, 0x0000, 0x0000, 0x0000, 0x0000, 0x0000, 0x0000, 0x0000,
 0x0000, 0x0000, 0x0000, 0x0000,
};

const unsigned short ship24[324] = {
 0x0000, 0x0000, 0x0000, 0x0000, 0x0000, 0x0000, 0x0000, 0x0000, 0x0000, 0x0000, 0x0000, 0x0000, 0x0000, 0x0000, 0x0000, 0x0000,
 0x0000, 0x0000, 0x0000, 0x0000, 0x0000, 0x0000, 0x0000, 0x0000, 0x0000, 0x0000, 0x0000, 0x0000, 0x0000, 0x0000, 0x0000, 0x0000,
 0x0000, 0x0000, 0x0000, 0x0000, 0x0000, 0x0000, 0x0000, 0x0000, 0x0000, 0xDEFB, 0xDEFB, 0x0000, 0x0000, 0x0000, 0x0000, 0x0000,
 0x0000, 0x0000, 0x0000, 0x0000, 0x0000, 0x0000, 0x0000, 0x0000, 0x0000, 0x0000, 0xDEFB, 0xDEFB, 0xDEFB, 0xDEFB, 0x0000, 0x0000,
 0x0000, 0x0000, 0x0000, 0x0000, 0x0000, 0x0000, 0x0000, 0x0000, 0x0000, 0x0000, 0x0000, 0x0000, 0x5A8A, 0xDEFB, 0xDEFB, 0xDEFB,
 0xDEFB, 0x0000, 0x0000, 0x0000, 0x0000, 0x0000, 0x0000, 0x0000, 0x0000, 0x0000, 0x0000, 0x0000, 0x0000, 0x0000, 0x0000, 0x5A8A,
 0xDEFB, 0xDEFB, 0xDEFB, 0xDEFB, 0xDEFB, 0x0000, 0x0000, 0x0000, 0x0000, 0x0000, 0x0000, 0x0000, 0x0000, 0x0000, 0x0000, 0x0000,
 0x0000, 0x0000, 0x5A8A, 0xDEFB, 0xDEFB, 0xDEFB, 0xDEFB, 0xDEFB, 0x0000, 0x0000, 0x0000, 0x0000, 0x0000, 0x0000, 0x0000, 0x0000,
 0x0000, 0x9471, 0x9471, 0x9471, 0x9471, 0x9471, 0x9471, 0xDEFB, 0xDEFB, 0xDEFB, 0xDEFB, 0x9471, 0x9471, 0x9471, 0x9471, 0x0000,
 0x0000, 0x0000, 0x0000, 0xDDB4, 0xDDB4, 0x0000, 0x9471, 0x9471, 0x9471, 0xDEFB, 0xDEFB, 0xDEFB, 0xDEFB, 0xDEFB, 0x9471, 0x9471,
 0x9471, 0xFFFF, 0x0000, 0x0000, 0x0000, 0x9471, 0x9471, 0x9471, 0x9471, 0x9471, 0xDEFB, 0xDEFB, 0xDEFB, 0xDEFB, 0xDEFB, 0xDEFB,
 0x9471, 0x9471, 0x9471, 0x0000, 0x0000, 0x0000, 0x0000, 0x0000, 0x0000, 0x5A8A, 0xDEFB, 0xDEFB, 0xDEFB, 0xDEFB, 0xDEFB, 0x0000,
 0x0000, 0x0000, 0x0000, 0x0000, 0x0000, 0x0000, 0x0000, 0x0000, 0x0000, 0x0000, 0x5A8A, 0xDEFB, 0xDEFB, 0xDEFB, 0xDEFB, 0xDEFB,
 0x0000, 0x0000, 0x0000, 0x0000, 0x0000, 0x0000, 0x0000, 0x0000, 0x0000, 0x0000, 0x0000, 0x5A8A, 0xDEFB, 0xDEFB, 0xDEFB, 0xDEFB,
 0xDEFB, 0x0000, 0x0000, 0x0000, 0x0000, 0x0000, 0x0000, 0x0000, 0x0000, 0x0000, 0x0000, 0x0000, 0x0000, 0xDEFB, 0xDEFB, 0xDEFB,
 0xDEFB, 0x0000, 0x0000, 0x0000, 0x0000, 0x0000, 0x0000, 0x0000, 0x0000, 0x0000, 0x0000, 0x0000, 0x0000, 0x0000, 0x0000, 0x0000,
 0xDEFB, 0xDEFB, 0x0000, 0x0000, 0x0000, 0x0000, 0x0000, 0x0000, 0x0000, 0x0000, 0x0000, 0x0000, 0x0000, 0x0000, 0x0000, 0x0000,
 0x0000, 0x0000, 0x0000, 0x0000, 0x0000, 0x0000, 0x0000, 0x0000, 0x0000, 0x0000, 0x0000, 0x0000, 0x0000, 0x0000, 0x0000, 0x0000,
 0x0000, 0x0000, 0x0000, 0x0000, 0x0000, 0x0000, 0x0000, 0x0000, 0x0000, 0x0000, 0x0000, 0x0000, 0x0000, 0x0000, 0x0000, 0x0000,
 0x0000, 0x0000, 0x0000, 0x0000, 0x0000, 0x0000, 0x0000, 0x0000, 0x0000, 0x0000, 0x0000, 0x0000, 0x0000, 0x0000, 0x0000, 0x0000,
 0x0000, 0x0000, 0x0000, 0x0000,
};

const unsigned short ship25[324] = {
 0x0000, 0x0000, 0x0000, 0x0000, 0x0000, 0x0000, 0x0000, 0x0000, 0x0000, 0x0000, 0x0000, 0x0000, 0x0000, 0x0000, 0x0000, 0x0000,
 0x0000, 0x0000, 0x0000, 0x0000, 0x0000, 0x0000, 0x0000, 0x0000, 0x0000, 0xDDB4, 0x0000, 0x0000, 0x0000, 0x0000, 0x0000, 0x0000,
 0x0000, 0x0000, 0x0000, 0x0000, 0x0000, 0x0000, 0x0000, 0x0000, 0x0000, 0xDDB4, 0xDEFB, 0xDEFB, 0xDDB4, 0x0000, 0x0000, 0x0000,
 0x0000, 0x0000, 0x0000, 0x0000, 0x0000, 0x0000, 0x0000, 0x0000, 0x0000, 0x0000, 0x0000, 0x5A8A, 0xDEFB, 0xDEFB, 0xDEFB, 0x0000,
 0x0000, 0x0000, 0x0000, 0x0000, 0x0000, 0x0000, 0x0000, 0x0000, 0x0000, 0x0000, 0x0000, 0x0000, 0x0000, 0x0000, 0xDEFB, 0xDEFB,
 0xDEFB, 0xDEFB, 0x0000, 0x0000, 0x0000, 0x0000, 0x0000, 0x0000, 0x0000, 0x0000, 0x0000, 0x0000, 0x0000, 0x0000, 0x0000, 0x0000,
 0x5A8A, 0xDEFB, 0xDEFB, 0xDEFB, 0xDEFB, 0x0000, 0x0000, 0x0000, 0x0000, 0x0000, 0x0000, 0x0000, 0x0000, 0x0000, 0x0000, 0xDEFB,
 0x9471, 0x9471, 0xDEFB, 0xDEFB, 0xDEFB, 0xDEFB, 0xDEFB, 0xDEFB, 0x0000, 0x0000, 0x0000, 0x0000, 0x0000, 0x0000, 0x0000, 0x0000,
 0x0000, 0xDDB4, 0xDDB4, 0x0000, 0x9471, 0x9471, 0x9471, 0xDEFB, 0xDEFB, 0xDEFB, 0xDDB4, 0x0000, 0x0000, 0x0000, 0x0000, 0x0000,
 0x0000, 0x0000, 0x0000, 0x9471, 0x9471, 0xDEFB, 0x9471, 0x9471, 0x9471, 0xDEFB, 0xDEFB, 0xDEFB, 0xDEFB, 0x9471, 0x9471, 0x9471,
 0xDEFB, 0x0000, 0x0000, 0x0000, 0x0000, 0x0000, 0x0000, 0x5A8A, 0x9471, 0x9471, 0xDEFB, 0xDEFB, 0xDEFB, 0xDEFB, 0xDEFB, 0xDEFB,
 0x9471, 0x9471, 0x9471, 0x5A8A, 0x0000, 0x0000, 0x0000, 0x0000, 0x5A8A, 0xDEFB, 0xDEFB, 0xDEFB, 0xDEFB, 0xDEFB, 0xDEFB, 0x0000,
 0xDDB4, 0xDEFB, 0x9471, 0x9471, 0x9471, 0xFFFF, 0x0000, 0x0000, 0x5A8A, 0xDEFB, 0xDEFB, 0xDEFB, 0xDEFB, 0xDEFB, 0xDEFB, 0xDDB4,
 0x0000, 0x0000, 0x0000, 0x0000, 0x0000, 0x0000, 0x0000, 0x0000, 0x0000, 0x0000, 0xDDB4, 0xDEFB, 0xDEFB, 0xDEFB, 0xDEFB, 0xDEFB,
 0x0000, 0x0000, 0x0000, 0x0000, 0x0000, 0x0000, 0x0000, 0x0000, 0x0000, 0x0000, 0x0000, 0x0000, 0x0000, 0xDEFB, 0xDEFB, 0xDDB4,
 0x0000, 0x0000, 0x0000, 0x0000, 0x0000, 0x0000, 0x0000, 0x0000, 0x0000, 0x0000, 0x0000, 0x0000, 0x0000, 0x0000, 0x0000, 0x0000,
 0x0000, 0x0000, 0x0000, 0x0000, 0x0000, 0x0000, 0x0000, 0x0000, 0x0000, 0x0000, 0x0000, 0x0000, 0x0000, 0x0000, 0x0000, 0x0000,
 0x0000, 0x0000, 0x0000, 0x0000, 0x0000, 0x0000, 0x0000, 0x0000, 0x0000, 0x0000, 0x0000, 0x0000, 0x0000, 0x0000, 0x0000, 0x0000,
 0x0000, 0x0000, 0x0000, 0x0000, 0x0000, 0x0000, 0x0000, 0x0000, 0x0000, 0x0000, 0x0000, 0x0000, 0x0000, 0x0000, 0x0000, 0x0000,
 0x0000, 0x0000, 0x0000, 0x0000, 0x0000, 0x0000, 0x0000, 0x0000, 0x0000, 0x0000, 0x0000, 0x0000, 0x0000, 0x0000, 0x0000, 0x0000,
 0x0000, 0x0000, 0x0000, 0x0000,
};

const unsigned short ship26[324] = {
 0x0000, 0x0000, 0x0000, 0x0000, 0x0000, 0x0000, 0x0000, 0x0000, 0x0000, 0x0000, 0x0000, 0x0000, 0x0000, 0x0000, 0x0000, 0x0000,
 0x0000, 0x0000, 0x0000, 0x0000, 0x0000, 0x0000, 0x0000, 0x0000, 0x0000, 0x0000, 0xDEFB, 0x0000, 0x0000, 0x0000, 0x0000, 0x0000,
 0x0000, 0x0000, 0x0000, 0x0000, 0x0000, 0x0000, 0x0000, 0x0000, 0x0000, 0x0000, 0x5A8A, 0xDEFB, 0xDEFB, 0xDEFB, 0x0000, 0x0000,
 0x0000, 0x0000, 0x0000, 0x0000, 0x0000, 0x0000, 0x0000, 0x0000, 0x0000, 0x0000, 0x0000, 0x0000, 0x5A8A, 0xDEFB, 0xDEFB, 0xDEFB,
 0x0000, 0x0000, 0x0000, 0x0000, 0x0000, 0x0000, 0x0000, 0x0000, 0x0000, 0x0000, 0x0000, 0x0000, 0x0000, 0x0000, 0x0000, 0xDEFB,
 0xDEFB, 0xDEFB, 0xDDB4, 0x0000, 0x0000, 0x0000, 0x0000, 0x0000, 0x0000, 0x0000, 0x0000, 0x0000, 0x0000, 0x0000, 0x9471, 0x9471,
 0x0000, 0x5A8A, 0xDEFB, 0xDEFB, 0xDEFB, 0x0000, 0x0000, 0x0000, 0x0000, 0x0000, 0x0000, 0x0000, 0x0000, 0x0000, 0x0000, 0xDDB4,
 0xDDB4, 0xDEFB, 0x9471, 0x9471, 0xDEFB, 0xDEFB, 0xDEFB, 0xDEFB, 0x0000, 0x0000, 0x0000, 0x0000, 0x0000, 0x0000, 0x0000, 0x0000,
 0x0000, 0x9471, 0x9471, 0xDDB4, 0xDEFB, 0x9471, 0x9471, 0x9471, 0xDEFB, 0xDEFB, 0xDDB4, 0x0000, 0x0000, 0x0000, 0x0000, 0x0000,
 0x0000, 0x0000, 0x0000, 0x0000, 0x0000, 0x9471, 0x9471, 0x9471, 0x9471, 0xDEFB, 0xDEFB, 0xDEFB, 0xDEFB, 0x0000, 0x0000, 0x0000,
 0x0000, 0x0000, 0x0000, 0x0000, 0x0000, 0x5A8A, 0x5A8A, 0xDEFB, 0xDEFB, 0xDEFB, 0xDEFB, 0xDEFB, 0xDEFB, 0xDEFB, 0xDEFB, 0x9471,
 0x9471, 0x5A8A, 0x0000, 0x0000, 0x0000, 0x0000, 0xDEFB, 0xDEFB, 0xDEFB, 0xDEFB, 0xDEFB, 0xDEFB, 0xDEFB, 0xDEFB, 0xDEFB, 0xDEFB,
 0xDEFB, 0xDEFB, 0x9471, 0x9471, 0x9471, 0x0000, 0x0000, 0x0000, 0xDEFB, 0xDEFB, 0xDEFB, 0xDEFB, 0xDEFB, 0xDEFB, 0xDEFB, 0xDDB4,
 0x0000, 0x0000, 0xDDB4, 0xDEFB, 0x9471, 0x9471, 0x9471, 0x5A8A, 0x0000, 0x0000, 0xDDB4, 0xDEFB, 0xDEFB, 0x0000, 0x0000, 0x0000,
 0x0000, 0x0000, 0x0000, 0x0000, 0x0000, 0x0000, 0x0000, 0x9471, 0x5A8A, 0x0000, 0x0000, 0x0000, 0x0000, 0x0000, 0x0000, 0x0000,
 0x0000, 0x0000, 0x0000, 0x0000, 0x0000, 0x0000, 0x0000, 0x0000, 0x0000, 0x0000, 0x0000, 0x0000, 0x0000, 0x0000, 0x0000, 0x0000,
 0x0000, 0x0000, 0x0000, 0x0000, 0x0000, 0x0000, 0x0000, 0x0000, 0x0000, 0x0000, 0x0000, 0x0000, 0x0000, 0x0000, 0x0000, 0x0000,
 0x0000, 0x0000, 0x0000, 0x0000, 0x0000, 0x0000, 0x0000, 0x0000, 0x0000, 0x0000, 0x0000, 0x0000, 0x0000, 0x0000, 0x0000, 0x0000,
 0x0000, 0x0000, 0x0000, 0x0000, 0x0000, 0x0000, 0x0000, 0x0000, 0x0000, 0x0000, 0x0000, 0x0000, 0x0000, 0x0000, 0x0000, 0x0000,
 0x0000, 0x0000, 0x0000, 0x0000, 0x0000, 0x0000, 0x0000, 0x0000, 0x0000, 0x0000, 0x0000, 0x0000, 0x0000, 0x0000, 0x0000, 0x0000,
 0x0000, 0x0000, 0x0000, 0x0000,
};

const unsigned short ship27[324] = {
 0x0000, 0x0000, 0x0000, 0x0000, 0x0000, 0x0000, 0x0000, 0x0000, 0x0000, 0x0000, 0x0000, 0x0000, 0x0000, 0x0000, 0x0000, 0x0000,
 0x0000, 0x0000, 0x0000, 0x0000, 0x0000, 0x0000, 0x0000, 0x0000, 0x0000, 0x0000, 0xDDB4, 0xDEFB, 0xDDB4, 0x0000, 0x0000, 0x0000,
 0x0000, 0x0000, 0x0000, 0x0000, 0x0000, 0x0000, 0x0000, 0x0000, 0x0000, 0x0000, 0x0000, 0x5A8A, 0xDEFB, 0xDEFB, 0xDEFB, 0x0000,
 0x0000, 0x0000, 0x0000, 0x0000, 0x0000, 0x0000, 0x0000, 0x0000, 0x0000, 0x0000, 0x0000, 0x0000, 0x0000, 0x0000, 0xDEFB, 0xDEFB,
 0xDEFB, 0x0000, 0x0000, 0x0000, 0x0000, 0x0000, 0x0000, 0x0000, 0x0000, 0x0000, 0x0000, 0x0000, 0x0000, 0x9471, 0x0000, 0x0000,
 0xDEFB, 0xDEFB, 0xDEFB, 0x0000, 0x0000, 0x0000, 0x0000, 0x0000, 0x0000, 0x0000, 0x0000, 0x0000, 0x0000, 0x0000, 0xDDB4, 0xDEFB,
 0x9471, 0x5A8A, 0x5A8A, 0xDEFB, 0xDEFB, 0xDDB4, 0x0000, 0x0000, 0x0000, 0x0000, 0x0000, 0x0000, 0x0000, 0x0000, 0x0000, 0x0000,
 0x9471, 0xDDB4, 0x0000, 0x9471, 0x9471, 0xDEFB, 0xDEFB, 0xDEFB, 0xDDB4, 0x0000, 0x0000, 0x0000, 0x0000, 0x0000, 0x0000, 0x0000,
 0x0000, 0x0000, 0x0000, 0x9471, 0x9471, 0x9471, 0x9471, 0x9471, 0xDEFB, 0xDEFB, 0xDEFB, 0x0000, 0x0000, 0x0000, 0x0000, 0x0000,
 0x0000, 0x0000, 0x0000, 0x5A8A, 0x5A8A, 0x5A8A, 0x9471, 0x9471, 0x9471, 0xDEFB, 0xDEFB, 0xDEFB, 0xDEFB, 0x0000, 0x0000, 0x0000,
 0x0000, 0x0000, 0x0000, 0xDDB4, 0xDEFB, 0xDEFB, 0xDEFB, 0xDEFB, 0xDEFB, 0xDEFB, 0xDEFB, 0xDEFB, 0xDEFB, 0xDEFB, 0xDEFB, 0x0000,
 0x0000, 0x0000, 0x0000, 0x0000, 0x0000, 0x0000, 0xDEFB, 0xDEFB, 0xDEFB, 0xDEFB, 0xDEFB, 0xDEFB, 0xDEFB, 0xDEFB, 0xDEFB, 0xDEFB,
 0xDEFB, 0x9471, 0xDEFB, 0x0000, 0x0000, 0x0000, 0x0000, 0x0000, 0xDEFB, 0xDEFB, 0xDEFB, 0xDDB4, 0xDEFB, 0xDEFB, 0xDDB4, 0x0000,
 0x0000, 0xDEFB, 0xDEFB, 0x9471, 0x9471, 0x9471, 0x0000, 0x0000, 0x0000, 0x0000, 0x0000, 0x0000, 0x0000, 0x0000, 0x0000, 0x0000,
 0x0000, 0x0000, 0x0000, 0x0000, 0xDDB4, 0x9471, 0x9471, 0x9471, 0x5A8A, 0x0000, 0x0000, 0x0000, 0x0000, 0x0000, 0x0000, 0x0000,
 0x0000, 0x0000, 0x0000, 0x0000, 0x0000, 0x0000, 0x0000, 0x0000, 0x9471, 0x9471, 0xFFFF, 0x0000, 0x0000, 0x0000, 0x0000, 0x0000,
 0x0000, 0x0000, 0x0000, 0x0000, 0x0000, 0x0000, 0x0000, 0x0000, 0x0000, 0x0000, 0x0000, 0x0000, 0x0000, 0x0000, 0x0000, 0x0000,
 0x0000, 0x0000, 0x0000, 0x0000, 0x0000, 0x0000, 0x0000, 0x0000, 0x0000, 0x0000, 0x0000, 0x0000, 0x0000, 0x0000, 0x0000, 0x0000,
 0x0000, 0x0000, 0x0000, 0x0000, 0x0000, 0x0000, 0x0000, 0x0000, 0x0000, 0x0000, 0x0000, 0x0000, 0x0000, 0x0000, 0x0000, 0x0000,
 0x0000, 0x0000, 0x0000, 0x0000, 0x0000, 0x0000, 0x0000, 0x0000, 0x0000, 0x0000, 0x0000, 0x0000, 0x0000, 0x0000, 0x0000, 0x0000,
 0x0000, 0x0000, 0x0000, 0x0000,
};

const unsigned short ship28[324] = {
 0x0000, 0x0000, 0x0000, 0x0000, 0x0000, 0x0000, 0x0000, 0x0000, 0x0000, 0x0000, 0x0000, 0x0000, 0x0000, 0x0000, 0x0000, 0x0000,
 0x0000, 0x0000, 0x0000, 0x0000, 0x0000, 0x0000, 0x0000, 0x0000, 0x0000, 0x0000, 0x0000, 0xDDB4, 0x0000, 0x0000, 0x0000, 0x0000,
 0x0000, 0x0000, 0x0000, 0x0000, 0x0000, 0x0000, 0x0000, 0x0000, 0x0000, 0x0000, 0x0000, 0x0000, 0x0000, 0xDEFB, 0xDEFB, 0xDEFB,
 0x0000, 0x0000, 0x0000, 0x0000, 0x0000, 0x0000, 0x0000, 0x0000, 0x0000, 0x0000, 0x0000, 0x0000, 0x0000, 0x0000, 0x0000, 0xDEFB,
 0xDEFB, 0xDEFB, 0x0000, 0x0000, 0x0000, 0x0000, 0x0000, 0x0000, 0x0000, 0x0000, 0x0000, 0x0000, 0x0000, 0xDDB4, 0x9471, 0x5A8A,
 0x0000, 0xDEFB, 0xDEFB, 0xDEFB, 0x0000, 0x0000, 0x0000, 0x0000, 0x0000, 0x0000, 0x0000, 0x0000, 0x0000, 0x0000, 0x9471, 0xDEFB,
 0xDDB4, 0x9471, 0x5A8A, 0xDEFB, 0xDEFB, 0xDEFB, 0x0000, 0x0000, 0x0000, 0x0000, 0x0000, 0x0000, 0x0000, 0x0000, 0x0000, 0x0000,
 0x0000, 0x9471, 0x5A8A, 0xDEFB, 0x9471, 0xDEFB, 0xDEFB, 0xDEFB, 0x0000, 0x0000, 0x0000, 0x0000, 0x0000, 0x0000, 0x0000, 0x0000,
 0x5A8A, 0x5A8A, 0x5A8A, 0x5A8A, 0x9471, 0x9471, 0x9471, 0x9471, 0xDEFB, 0xDEFB, 0xDEFB, 0x0000, 0x0000, 0x0000, 0x0000, 0x0000,
 0x0000, 0xDDB4, 0xDEFB, 0xDEFB, 0xDEFB, 0xDEFB, 0xDEFB, 0x9471, 0x9471, 0x9471, 0xDEFB, 0xDEFB, 0xDEFB, 0x0000, 0x0000, 0x0000,
 0x0000, 0x0000, 0x0000, 0x0000, 0xDEFB, 0xDEFB, 0xDEFB, 0xDEFB, 0xDEFB, 0xDEFB, 0xDEFB, 0xDEFB, 0xDEFB, 0xDEFB, 0xDEFB, 0x0000,
 0x0000, 0x0000, 0x0000, 0x0000, 0x0000, 0x0000, 0xDEFB, 0xDEFB, 0xDEFB, 0xDEFB, 0xDEFB, 0xDEFB, 0xDEFB, 0xDEFB, 0xDEFB, 0xDEFB,
 0xDEFB, 0x0000, 0x0000, 0x0000, 0x0000, 0x0000, 0x0000, 0x0000, 0x0000, 0x0000, 0x0000, 0x0000, 0xDDB4, 0x0000, 0xDDB4, 0xDDB4,
 0xDEFB, 0xDEFB, 0xDEFB, 0x9471, 0x0000, 0x0000, 0x0000, 0x0000, 0x0000, 0x0000, 0x0000, 0x0000, 0x0000, 0x0000, 0x0000, 0x0000,
 0x0000, 0x0000, 0x0000, 0xDEFB, 0x9471, 0x9471, 0x9471, 0x5A8A, 0x0000, 0x0000, 0x0000, 0x0000, 0x0000, 0x0000, 0x0000, 0x0000,
 0x0000, 0x0000, 0x0000, 0x0000, 0x0000, 0x0000, 0x9471, 0x9471, 0x9471, 0x9471, 0x0000, 0x0000, 0x0000, 0x0000, 0x0000, 0x0000,
 0x0000, 0x0000, 0x0000, 0x0000, 0x0000, 0x0000, 0x0000, 0x0000, 0x0000, 0x9471, 0x9471, 0xFFFF, 0x0000, 0x0000, 0x0000, 0x0000,
 0x0000, 0x0000, 0x0000, 0x0000, 0x0000, 0x0000, 0x0000, 0x0000, 0x0000, 0x0000, 0x0000, 0x0000, 0x0000, 0x0000, 0x0000, 0x0000,
 0x0000, 0x0000, 0x0000, 0x0000, 0x0000, 0x0000, 0x0000, 0x0000, 0x0000, 0x0000, 0x0000, 0x0000, 0x0000, 0x0000, 0x0000, 0x0000,
 0x0000, 0x0000, 0x0000, 0x0000, 0x0000, 0x0000, 0x0000, 0x0000, 0x0000, 0x0000, 0x0000, 0x0000, 0x0000, 0x0000, 0x0000, 0x0000,
 0x0000, 0x0000, 0x0000, 0x0000,
};

const unsigned short ship29[324] = {
 0x0000, 0x0000, 0x0000, 0x0000, 0x0000, 0x0000, 0x0000, 0x0000, 0x0000, 0x0000, 0x0000, 0x0000, 0x0000, 0x0000, 0x0000, 0x0000,
 0x0000, 0x0000, 0x0000, 0x0000, 0x0000, 0x0000, 0x0000, 0x0000, 0x0000, 0x0000, 0x0000, 0x0000, 0x0000, 0x0000, 0x0000, 0x0000,
 0x0000, 0x0000, 0x0000, 0x0000, 0x0000, 0x0000, 0x0000, 0x0000, 0x0000, 0x0000, 0x0000, 0x0000, 0x0000, 0x0000, 0x5A8A, 0xDEFB,
 0xDEFB, 0x0000, 0x0000, 0x0000, 0x0000, 0x0000, 0x0000, 0x0000, 0x0000, 0x0000, 0x0000, 0x0000, 0xDDB4, 0x9471, 0x0000, 0x0000,
 0xDEFB, 0xDEFB, 0xDEFB, 0x0000, 0x0000, 0x0000, 0x0000, 0x0000, 0x0000, 0x0000, 0x0000, 0x0000, 0x0000, 0x9471, 0xDDB4, 0x9471,
 0x5A8A, 0x0000, 0xDEFB, 0xDEFB, 0xDEFB, 0x0000, 0x0000, 0x0000, 0x0000, 0x0000, 0x0000, 0x0000, 0x0000, 0x0000, 0x0000, 0x5A8A,
 0xDEFB, 0x0000, 0x9471, 0x5A8A, 0xDEFB, 0xDEFB, 0xDEFB, 0x0000, 0x0000, 0x0000, 0x0000, 0x0000, 0x0000, 0x0000, 0x5A8A, 0x5A8A,
 0x5A8A, 0x0000, 0x9471, 0xDEFB, 0x9471, 0x9471, 0xDEFB, 0xDEFB, 0xDEFB, 0x0000, 0x0000, 0x0000, 0x0000, 0x0000, 0x0000, 0x0000,
 0xDEFB, 0xDEFB, 0xDEFB, 0xDEFB, 0xDEFB, 0x9471, 0x9471, 0x9471, 0xDEFB, 0xDEFB, 0xDEFB, 0x0000, 0x0000, 0x0000, 0x0000, 0x0000,
 0x0000, 0xDDB4, 0xDEFB, 0xDEFB, 0xDEFB, 0xDEFB, 0xDEFB, 0xDEFB, 0x9471, 0x9471, 0xDEFB, 0xDEFB, 0xDEFB, 0x0000, 0x0000, 0x0000,
 0x0000, 0x0000, 0x0000, 0x0000, 0xDDB4, 0xDEFB, 0xDEFB, 0xDEFB, 0xDEFB, 0xDEFB, 0xDEFB, 0xDEFB, 0xDEFB, 0xDEFB, 0xDEFB, 0x0000,
 0x0000, 0x0000, 0x0000, 0x0000, 0x0000, 0x0000, 0x0000, 0x0000, 0x0000, 0xDEFB, 0xDEFB, 0xDEFB, 0xDEFB, 0xDEFB, 0xDEFB, 0xDEFB,
 0xDDB4, 0x0000, 0x0000, 0x0000, 0x0000, 0x0000, 0x0000, 0x0000, 0x0000, 0x0000, 0x0000, 0x0000, 0x0000, 0x0000, 0x0000, 0xDDB4,
 0xDEFB, 0xDEFB, 0x9471, 0x0000, 0x0000, 0x0000, 0x0000, 0x0000, 0x0000, 0x0000, 0x0000, 0x0000, 0x0000, 0x0000, 0x0000, 0x0000,
 0x0000, 0x0000, 0xDEFB, 0xDEFB, 0x9471, 0xDEFB, 0x0000, 0x0000, 0x0000, 0x0000, 0x0000, 0x0000, 0x0000, 0x0000, 0x0000, 0x0000,
 0x0000, 0x0000, 0x0000, 0x0000, 0x0000, 0x9471, 0x9471, 0x9471, 0x5A8A, 0x0000, 0x0000, 0x0000, 0x0000, 0x0000, 0x0000, 0x0000,
 0x0000, 0x0000, 0x0000, 0x0000, 0x0000, 0x0000, 0x0000, 0x5A8A, 0x9471, 0x9471, 0x9471, 0x0000, 0x0000, 0x0000, 0x0000, 0x0000,
 0x0000, 0x0000, 0x0000, 0x0000, 0x0000, 0x0000, 0x0000, 0x0000, 0x0000, 0x0000, 0x9471, 0x9471, 0x5A8A, 0x0000, 0x0000, 0x0000,
 0x0000, 0x0000, 0x0000, 0x0000, 0x0000, 0x0000, 0x0000, 0x0000, 0x0000, 0x0000, 0x0000, 0x0000, 0x0000, 0x0000, 0x0000, 0x0000,
 0x0000, 0x0000, 0x0000, 0x0000, 0x0000, 0x0000, 0x0000, 0x0000, 0x0000, 0x0000, 0x0000, 0x0000, 0x0000, 0x0000, 0x0000, 0x0000,
 0x0000, 0x0000, 0x0000, 0x0000,
};

const unsigned short ship30[324] = {
 0x0000, 0x0000, 0x0000, 0x0000, 0x0000, 0x0000, 0x0000, 0x0000, 0x0000, 0x0000, 0x0000, 0x0000, 0x0000, 0x0000, 0x0000, 0x0000,
 0x0000, 0x0000, 0x0000, 0x0000, 0x0000, 0x0000, 0x0000, 0x0000, 0x0000, 0x0000, 0x0000, 0x0000, 0x0000, 0x0000, 0x0000, 0x0000,
 0x0000, 0x0000, 0x0000, 0x0000, 0x0000, 0x0000, 0x0000, 0x0000, 0x0000, 0x0000, 0x0000, 0x0000, 0x0000, 0x0000, 0x0000, 0x5A8A,
 0xDDB4, 0x0000, 0x0000, 0x0000, 0x0000, 0x0000, 0x0000, 0x0000, 0x0000, 0x0000, 0x0000, 0x0000, 0xDDB4, 0xDDB4, 0x9471, 0x0000,
 0x0000, 0x5A8A, 0xDEFB, 0xDEFB, 0x0000, 0x0000, 0x0000, 0x0000, 0x0000, 0x0000, 0x0000, 0x0000, 0x0000, 0x0000, 0x9471, 0xDDB4,
 0x9471, 0x0000, 0x0000, 0xDEFB, 0xDEFB, 0xDEFB, 0x0000, 0x0000, 0x0000, 0x0000, 0x0000, 0x0000, 0xDDB4, 0xDEFB, 0x5A8A, 0x0000,
 0xDEFB, 0xDEFB, 0x0000, 0x9471, 0x5A8A, 0xDEFB, 0xDEFB, 0xDEFB, 0x0000, 0x0000, 0x0000, 0x0000, 0x0000, 0x0000, 0xDEFB, 0xDEFB,
 0xDEFB, 0xDEFB, 0x5A8A, 0x9471, 0x9471, 0x9471, 0xDEFB, 0xDEFB, 0xDEFB, 0xDDB4, 0x0000, 0x0000, 0x0000, 0x0000, 0x0000, 0x0000,
 0xDEFB, 0xDEFB, 0xDEFB, 0xDEFB, 0xDEFB, 0x9471, 0x9471, 0x9471, 0x9471, 0xDEFB, 0xDEFB, 0x0000, 0x0000, 0x0000, 0x0000, 0x0000,
 0x0000, 0x0000, 0x0000, 0xDDB4, 0xDEFB, 0xDEFB, 0xDEFB, 0xDEFB, 0xDEFB, 0x9471, 0xDEFB, 0xDEFB, 0xDEFB, 0x0000, 0x0000, 0x0000,
 0x0000, 0x0000, 0x0000, 0x0000, 0x0000, 0x0000, 0x0000, 0xDEFB, 0xDEFB, 0xDEFB, 0xDEFB, 0xDEFB, 0xDEFB, 0xDEFB, 0xDEFB, 0x0000,
 0x0000, 0x0000, 0x0000, 0x0000, 0x0000, 0x0000, 0x0000, 0x0000, 0x0000, 0x0000, 0xDDB4, 0xDEFB, 0xDEFB, 0xDEFB, 0xDEFB, 0xDEFB,
 0xDDB4, 0x0000, 0x0000, 0x0000, 0x0000, 0x0000, 0x0000, 0x0000, 0x0000, 0x0000, 0x0000, 0x0000, 0x0000, 0x0000, 0xDDB4, 0xDEFB,
 0xDEFB, 0xDEFB, 0x0000, 0x0000, 0x0000, 0x0000, 0x0000, 0x0000, 0x0000, 0x0000, 0x0000, 0x0000, 0x0000, 0x0000, 0x0000, 0x0000,
 0x0000, 0xDDB4, 0xDEFB, 0xDEFB, 0xDEFB, 0x0000, 0x0000, 0x0000, 0x0000, 0x0000, 0x0000, 0x0000, 0x0000, 0x0000, 0x0000, 0x0000,
 0x0000, 0x0000, 0x0000, 0x0000, 0xDEFB, 0x9471, 0x9471, 0x0000, 0x0000, 0x0000, 0x0000, 0x0000, 0x0000, 0x0000, 0x0000, 0x0000,
 0x0000, 0x0000, 0x0000, 0x0000, 0x0000, 0x0000, 0x9471, 0x9471, 0x9471, 0x5A8A, 0x0000, 0x0000, 0x0000, 0x0000, 0x0000, 0x0000,
 0x0000, 0x0000, 0x0000, 0x0000, 0x0000, 0x0000, 0x0000, 0x0000, 0x5A8A, 0x9471, 0x9471, 0xDEFB, 0x0000, 0x0000, 0x0000, 0x0000,
 0x0000, 0x0000, 0x0000, 0x0000, 0x0000, 0x0000, 0x0000, 0x0000, 0x0000, 0x0000, 0x0000, 0xDEFB, 0xFFFF, 0x0000, 0x0000, 0x0000,
 0x0000, 0x0000, 0x0000, 0x0000, 0x0000, 0x0000, 0x0000, 0x0000, 0x0000, 0x0000, 0x0000, 0x0000, 0x0000, 0x0000, 0x0000, 0x0000,
 0x0000, 0x0000, 0x0000, 0x0000,
};

const unsigned short ship31[324] = {
 0x0000, 0x0000, 0x0000, 0x0000, 0x0000, 0x0000, 0x0000, 0x0000, 0x0000, 0x0000, 0x0000, 0x0000, 0x0000, 0x0000, 0x0000, 0x0000,
 0x0000, 0x0000, 0x0000, 0x0000, 0x0000, 0x0000, 0x0000, 0x0000, 0x0000, 0x0000, 0x0000, 0x0000, 0x0000, 0x0000, 0x0000, 0x0000,
 0x0000, 0x0000, 0x0000, 0x0000, 0x0000, 0x0000, 0x0000, 0x0000, 0x0000, 0x0000, 0x0000, 0x0000, 0x0000, 0x0000, 0x0000, 0x0000,
 0x0000, 0x0000, 0x0000, 0x0000, 0x0000, 0x0000, 0x0000, 0x0000, 0x0000, 0x0000, 0x0000, 0x0000, 0x0000, 0x9471, 0xDDB4, 0x9471,
 0x0000, 0x0000, 0x5A8A, 0xDEFB, 0x0000, 0x0000, 0x0000, 0x0000, 0x0000, 0x0000, 0x0000, 0xDEFB, 0x5A8A, 0x0000, 0x0000, 0x9471,
 0xDDB4, 0x9471, 0x0000, 0x0000, 0xDEFB, 0xDEFB, 0xDEFB, 0x0000, 0x0000, 0x0000, 0x0000, 0x0000, 0xDDB4, 0xDEFB, 0xDEFB, 0xDEFB,
 0x5A8A, 0x9471, 0x0000, 0x9471, 0x5A8A, 0x5A8A, 0xDEFB, 0xDEFB, 0xDEFB, 0x0000, 0x0000, 0x0000, 0x0000, 0x0000, 0xDEFB, 0xDEFB,
 0xDEFB, 0xDEFB, 0xDEFB, 0x9471, 0x9471, 0x9471, 0xDEFB, 0xDEFB, 0xDEFB, 0xDEFB, 0xDDB4, 0x0000, 0x0000, 0x0000, 0x0000, 0x0000,
 0x0000, 0xDDB4, 0xDEFB, 0xDEFB, 0xDEFB, 0xDEFB, 0x9471, 0x9471, 0x9471, 0xDEFB, 0xDEFB, 0xDEFB, 0x0000, 0x0000, 0x0000, 0x0000,
 0x0000, 0x0000, 0x0000, 0x0000, 0x0000, 0xDEFB, 0xDEFB, 0xDEFB, 0xDEFB, 0x9471, 0x9471, 0xDEFB, 0xDEFB, 0x0000, 0x0000, 0x0000,
 0x0000, 0x0000, 0x0000, 0x0000, 0x0000, 0x0000, 0x0000, 0xDDB4, 0xDEFB, 0xDEFB, 0xDEFB, 0xDEFB, 0xDEFB, 0xDEFB, 0xDEFB, 0x0000,
 0x0000, 0x0000, 0x0000, 0x0000, 0x0000, 0x0000, 0x0000, 0x0000, 0x0000, 0x0000, 0x0000, 0xDEFB, 0xDEFB, 0xDEFB, 0xDEFB, 0xDEFB,
 0xDDB4, 0x0000, 0x0000, 0x0000, 0x0000, 0x0000, 0x0000, 0x0000, 0x0000, 0x0000, 0x0000, 0x0000, 0x0000, 0x0000, 0xDDB4, 0xDEFB,
 0xDEFB, 0xDEFB, 0x0000, 0x0000, 0x0000, 0x0000, 0x0000, 0x0000, 0x0000, 0x0000, 0x0000, 0x0000, 0x0000, 0x0000, 0x0000, 0x0000,
 0x0000, 0xDEFB, 0xDEFB, 0xDEFB, 0x0000, 0x0000, 0x0000, 0x0000, 0x0000, 0x0000, 0x0000, 0x0000, 0x0000, 0x0000, 0x0000, 0x0000,
 0x0000, 0x0000, 0x0000, 0xDEFB, 0xDEFB, 0x9471, 0x0000, 0x0000, 0x0000, 0x0000, 0x0000, 0x0000, 0x0000, 0x0000, 0x0000, 0x0000,
 0x0000, 0x0000, 0x0000, 0x0000, 0x0000, 0x9471, 0x9471, 0x9471, 0x0000, 0x0000, 0x0000, 0x0000, 0x0000, 0x0000, 0x0000, 0x0000,
 0x0000, 0x0000, 0x0000, 0x0000, 0x0000, 0x0000, 0x0000, 0xDEFB, 0x9471, 0x9471, 0x5A8A, 0x0000, 0x0000, 0x0000, 0x0000, 0x0000,
 0x0000, 0x0000, 0x0000, 0x0000, 0x0000, 0x0000, 0x0000, 0x0000, 0x0000, 0xDEFB, 0x9471, 0x9471, 0x0000, 0x0000, 0x0000, 0x0000,
 0x0000, 0x0000, 0x0000, 0x0000, 0x0000, 0x0000, 0x0000, 0x0000, 0x0000, 0x0000, 0x0000, 0x0000, 0x5A8A, 0xFFFF, 0x0000, 0x0000,
 0x0000, 0x0000, 0x0000, 0x0000,
};

// Rocket[angle]: 0=up, increases CCW
// Rocket[0]=up, Rocket[8]=left, Rocket[16]=down, Rocket[24]=right
// angle = slidepot_value * 32 / 4096
const unsigned short * const Rocket[32] = {
  ship0, ship1, ship2, ship3, ship4, ship5, ship6, ship7,
  ship8, ship9, ship10, ship11, ship12, ship13, ship14, ship15,
  ship16, ship17, ship18, ship19, ship20, ship21, ship22, ship23,
  ship24, ship25, ship26, ship27, ship28, ship29, ship30, ship31,
};

const unsigned short Flame0[256] = {
 0x0000, 0x0000, 0x0000, 0x0000, 0x0000, 0x0000, 0x0000, 0x0000, 0x0000, 0x0000, 0x0000, 0x0000, 0x0000, 0x0000, 0x0000, 0x0000,
 0x0000, 0x0000, 0x0000, 0x0000, 0x0000, 0x0000, 0x0000, 0x0000, 0x0000, 0x0000, 0x0000, 0x0000, 0x0000, 0x0000, 0x0000, 0x0000,
 0x0000, 0x0000, 0x0000, 0x0000, 0x0000, 0x0000, 0x0000, 0x0000, 0x0000, 0x0000, 0x0000, 0x0000, 0x0000, 0x0000, 0x0000, 0x0000,
 0x0000, 0x0000, 0x0000, 0x0000, 0x0000, 0x0000, 0x0000, 0x0000, 0x0000, 0x0000, 0x0000, 0x0000, 0x0000, 0x0000, 0x0000, 0x0000,
 0x0000, 0x0000, 0x0000, 0x0000, 0x0000, 0x0000, 0x0000, 0x0000, 0x0000, 0x0000, 0x0000, 0x0000, 0x0000, 0x0000, 0x0000, 0x0000,
 0x0000, 0x0000, 0x0000, 0x0000, 0x0000, 0x0156, 0x0000, 0x23FF, 0x0000, 0x0156, 0x0000, 0x0000, 0x0000, 0x0000, 0x0000, 0x0000,
 0x0000, 0x0000, 0x0000, 0x0000, 0x0000, 0x0156, 0x23FF, 0x23FF, 0x23FF, 0x0156, 0x0000, 0x0000, 0x0000, 0x0000, 0x0000, 0x0000,
 0x0000, 0x0000, 0x0000, 0x0000, 0x0000, 0x23FF, 0x23FF, 0x23FF, 0x23FF, 0x23FF, 0x0000, 0x0000, 0x0000, 0x0000, 0x0000, 0x0000,
 0x0000, 0x0000, 0x0000, 0x0000, 0x0000, 0x23FF, 0x23FF, 0x079F, 0x23FF, 0x23FF, 0x0000, 0x0000, 0x0000, 0x0000, 0x0000, 0x0000,
 0x0000, 0x0000, 0x0000, 0x0000, 0x0000, 0x23FF, 0x079F, 0x079F, 0x079F, 0x23FF, 0x0000, 0x0000, 0x0000, 0x0000, 0x0000, 0x0000,
 0x0000, 0x0000, 0x0000, 0x0000, 0x0000, 0x23FF, 0x079F, 0x079F, 0x079F, 0x23FF, 0x0000, 0x0000, 0x0000, 0x0000, 0x0000, 0x0000,
 0x0000, 0x0000, 0x0000, 0x0000, 0x0000, 0x23FF, 0x079F, 0x079F, 0x079F, 0x23FF, 0x0000, 0x0000, 0x0000, 0x0000, 0x0000, 0x0000,
 0x0000, 0x0000, 0x0000, 0x0000, 0x0000, 0x23FF, 0x079F, 0x079F, 0x079F, 0x23FF, 0x0000, 0x0000, 0x0000, 0x0000, 0x0000, 0x0000,
 0x0000, 0x0000, 0x0000, 0x0000, 0x0000, 0x0000, 0x23FF, 0x079F, 0x23FF, 0x0000, 0x0000, 0x0000, 0x0000, 0x0000, 0x0000, 0x0000,
 0x0000, 0x0000, 0x0000, 0x0000, 0x0000, 0x0000, 0x23FF, 0x079F, 0x23FF, 0x0000, 0x0000, 0x0000, 0x0000, 0x0000, 0x0000, 0x0000,
 0x0000, 0x0000, 0x0000, 0x0000, 0x0000, 0x0000, 0x23FF, 0x23FF, 0x23FF, 0x0000, 0x0000, 0x0000, 0x0000, 0x0000, 0x0000, 0x0000,
};
 
const unsigned short Flame1[256] = {
 0x0000, 0x0000, 0x0000, 0x0000, 0x0000, 0x0000, 0x0000, 0x0000, 0x0000, 0x0000, 0x0000, 0x0000, 0x0000, 0x0000, 0x0000, 0x0000,
 0x0000, 0x0000, 0x0000, 0x0000, 0x0000, 0x0000, 0x0000, 0x0000, 0x0000, 0x0000, 0x0000, 0x0000, 0x0000, 0x0000, 0x0000, 0x0000,
 0x0000, 0x0000, 0x0000, 0x0000, 0x0000, 0x0000, 0x0000, 0x0000, 0x0000, 0x0000, 0x0000, 0x0000, 0x0000, 0x0000, 0x0000, 0x0000,
 0x0000, 0x0000, 0x0000, 0x0000, 0x0000, 0x0000, 0x0000, 0x0000, 0x0000, 0x0000, 0x0000, 0x0000, 0x0000, 0x0000, 0x0000, 0x0000,
 0x0000, 0x0000, 0x0000, 0x0000, 0x0000, 0x0000, 0x0000, 0x0000, 0x0000, 0x0000, 0x0000, 0x0000, 0x0000, 0x0000, 0x0000, 0x0000,
 0x0000, 0x0000, 0x0000, 0x0000, 0x0000, 0x0156, 0x0156, 0x0156, 0x0156, 0x0000, 0x0000, 0x0000, 0x0000, 0x0000, 0x0000, 0x0000,
 0x0000, 0x0000, 0x0000, 0x0000, 0x0000, 0x0156, 0x23FF, 0x23FF, 0x23FF, 0x0156, 0x0000, 0x0000, 0x0000, 0x0000, 0x0000, 0x0000,
 0x0000, 0x0000, 0x0000, 0x0000, 0x0000, 0x23FF, 0x23FF, 0x23FF, 0x23FF, 0x23FF, 0x0000, 0x0000, 0x0000, 0x0000, 0x0000, 0x0000,
 0x0000, 0x0000, 0x0000, 0x0000, 0x0000, 0x23FF, 0x23FF, 0x079F, 0x23FF, 0x23FF, 0x0000, 0x0000, 0x0000, 0x0000, 0x0000, 0x0000,
 0x0000, 0x0000, 0x0000, 0x0000, 0x0156, 0x079F, 0x079F, 0x079F, 0x079F, 0x0156, 0x0000, 0x0000, 0x0000, 0x0000, 0x0000, 0x0000,
 0x0000, 0x0000, 0x0000, 0x0000, 0x0156, 0x079F, 0x079F, 0x079F, 0x079F, 0x0156, 0x0000, 0x0000, 0x0000, 0x0000, 0x0000, 0x0000,
 0x0000, 0x0000, 0x0000, 0x0000, 0x23FF, 0x079F, 0x079F, 0x079F, 0x23FF, 0x0000, 0x0000, 0x0000, 0x0000, 0x0000, 0x0000, 0x0000,
 0x0000, 0x0000, 0x0000, 0x0000, 0x0156, 0x23FF, 0x079F, 0x079F, 0x23FF, 0x0000, 0x0000, 0x0000, 0x0000, 0x0000, 0x0000, 0x0000,
 0x0000, 0x0000, 0x0000, 0x0000, 0x0000, 0x23FF, 0x079F, 0x23FF, 0x0000, 0x0000, 0x0000, 0x0000, 0x0000, 0x0000, 0x0000, 0x0000,
 0x0000, 0x0000, 0x0000, 0x0000, 0x0000, 0x23FF, 0x079F, 0x0156, 0x0000, 0x0000, 0x0000, 0x0000, 0x0000, 0x0000, 0x0000, 0x0000,
 0x0000, 0x0000, 0x0000, 0x0000, 0x0000, 0x23FF, 0x23FF, 0x0156, 0x0000, 0x0000, 0x0000, 0x0000, 0x0000, 0x0000, 0x0000, 0x0000,
};
 
const unsigned short Flame2[256] = {
 0x0000, 0x0000, 0x0000, 0x0000, 0x0000, 0x0000, 0x0000, 0x0000, 0x0000, 0x0000, 0x0000, 0x0000, 0x0000, 0x0000, 0x0000, 0x0000,
 0x0000, 0x0000, 0x0000, 0x0000, 0x0000, 0x0000, 0x0000, 0x0000, 0x0000, 0x0000, 0x0000, 0x0000, 0x0000, 0x0000, 0x0000, 0x0000,
 0x0000, 0x0000, 0x0000, 0x0000, 0x0000, 0x0000, 0x0000, 0x0000, 0x0000, 0x0000, 0x0000, 0x0000, 0x0000, 0x0000, 0x0000, 0x0000,
 0x0000, 0x0000, 0x0000, 0x0000, 0x0000, 0x0000, 0x0000, 0x0000, 0x0000, 0x0000, 0x0000, 0x0000, 0x0000, 0x0000, 0x0000, 0x0000,
 0x0000, 0x0000, 0x0000, 0x0000, 0x0000, 0x0000, 0x0156, 0x0000, 0x0000, 0x0000, 0x0000, 0x0000, 0x0000, 0x0000, 0x0000, 0x0000,
 0x0000, 0x0000, 0x0000, 0x0000, 0x0000, 0x0000, 0x0156, 0x0156, 0x23FF, 0x0000, 0x0000, 0x0000, 0x0000, 0x0000, 0x0000, 0x0000,
 0x0000, 0x0000, 0x0000, 0x0000, 0x0000, 0x0156, 0x23FF, 0x23FF, 0x23FF, 0x0156, 0x0156, 0x0000, 0x0000, 0x0000, 0x0000, 0x0000,
 0x0000, 0x0000, 0x0000, 0x0000, 0x0000, 0x23FF, 0x23FF, 0x23FF, 0x23FF, 0x23FF, 0x0000, 0x0000, 0x0000, 0x0000, 0x0000, 0x0000,
 0x0000, 0x0000, 0x0000, 0x0000, 0x0156, 0x23FF, 0x079F, 0x079F, 0x23FF, 0x23FF, 0x0000, 0x0000, 0x0000, 0x0000, 0x0000, 0x0000,
 0x0000, 0x0000, 0x0000, 0x0000, 0x23FF, 0x079F, 0x079F, 0x079F, 0x23FF, 0x0156, 0x0000, 0x0000, 0x0000, 0x0000, 0x0000, 0x0000,
 0x0000, 0x0000, 0x0000, 0x0000, 0x23FF, 0x079F, 0x079F, 0x079F, 0x23FF, 0x0000, 0x0000, 0x0000, 0x0000, 0x0000, 0x0000, 0x0000,
 0x0000, 0x0000, 0x0000, 0x0000, 0x079F, 0x079F, 0x079F, 0x079F, 0x0156, 0x0000, 0x0000, 0x0000, 0x0000, 0x0000, 0x0000, 0x0000,
 0x0000, 0x0000, 0x0000, 0x0000, 0x23FF, 0x079F, 0x079F, 0x23FF, 0x0156, 0x0000, 0x0000, 0x0000, 0x0000, 0x0000, 0x0000, 0x0000,
 0x0000, 0x0000, 0x0000, 0x0156, 0x079F, 0x079F, 0x0156, 0x0000, 0x0000, 0x0000, 0x0000, 0x0000, 0x0000, 0x0000, 0x0000, 0x0000,
 0x0000, 0x0000, 0x0000, 0x23FF, 0x23FF, 0x23FF, 0x0156, 0x0000, 0x0000, 0x0000, 0x0000, 0x0000, 0x0000, 0x0000, 0x0000, 0x0000,
 0x0000, 0x0000, 0x0000, 0x0000, 0x0000, 0x23FF, 0x0000, 0x0000, 0x0000, 0x0000, 0x0000, 0x0000, 0x0000, 0x0000, 0x0000, 0x0000,
};
 
const unsigned short Flame3[256] = {
 0x0000, 0x0000, 0x0000, 0x0000, 0x0000, 0x0000, 0x0000, 0x0000, 0x0000, 0x0000, 0x0000, 0x0000, 0x0000, 0x0000, 0x0000, 0x0000,
 0x0000, 0x0000, 0x0000, 0x0000, 0x0000, 0x0000, 0x0000, 0x0000, 0x0000, 0x0000, 0x0000, 0x0000, 0x0000, 0x0000, 0x0000, 0x0000,
 0x0000, 0x0000, 0x0000, 0x0000, 0x0000, 0x0000, 0x0000, 0x0000, 0x0000, 0x0000, 0x0000, 0x0000, 0x0000, 0x0000, 0x0000, 0x0000,
 0x0000, 0x0000, 0x0000, 0x0000, 0x0000, 0x0000, 0x0000, 0x0000, 0x0000, 0x0000, 0x0000, 0x0000, 0x0000, 0x0000, 0x0000, 0x0000,
 0x0000, 0x0000, 0x0000, 0x0000, 0x0000, 0x0000, 0x0000, 0x0156, 0x0000, 0x0000, 0x0000, 0x0000, 0x0000, 0x0000, 0x0000, 0x0000,
 0x0000, 0x0000, 0x0000, 0x0000, 0x0000, 0x0000, 0x0156, 0x0156, 0x0156, 0x0156, 0x0000, 0x0000, 0x0000, 0x0000, 0x0000, 0x0000,
 0x0000, 0x0000, 0x0000, 0x0000, 0x0000, 0x0156, 0x23FF, 0x23FF, 0x23FF, 0x0156, 0x0156, 0x0000, 0x0000, 0x0000, 0x0000, 0x0000,
 0x0000, 0x0000, 0x0000, 0x0000, 0x0000, 0x23FF, 0x23FF, 0x23FF, 0x23FF, 0x23FF, 0x0156, 0x0000, 0x0000, 0x0000, 0x0000, 0x0000,
 0x0000, 0x0000, 0x0000, 0x0000, 0x23FF, 0x079F, 0x079F, 0x079F, 0x23FF, 0x23FF, 0x0000, 0x0000, 0x0000, 0x0000, 0x0000, 0x0000,
 0x0000, 0x0000, 0x0000, 0x0156, 0x079F, 0x079F, 0x079F, 0x079F, 0x23FF, 0x0156, 0x0000, 0x0000, 0x0000, 0x0000, 0x0000, 0x0000,
 0x0000, 0x0000, 0x0000, 0x23FF, 0x079F, 0x079F, 0x079F, 0x079F, 0x0156, 0x0000, 0x0000, 0x0000, 0x0000, 0x0000, 0x0000, 0x0000,
 0x0000, 0x0000, 0x0000, 0x0156, 0x079F, 0x079F, 0x079F, 0x23FF, 0x0000, 0x0000, 0x0000, 0x0000, 0x0000, 0x0000, 0x0000, 0x0000,
 0x0000, 0x0000, 0x0156, 0x23FF, 0x079F, 0x23FF, 0x23FF, 0x0156, 0x0000, 0x0000, 0x0000, 0x0000, 0x0000, 0x0000, 0x0000, 0x0000,
 0x0000, 0x0000, 0x23FF, 0x23FF, 0x079F, 0x0156, 0x0000, 0x0000, 0x0000, 0x0000, 0x0000, 0x0000, 0x0000, 0x0000, 0x0000, 0x0000,
 0x0000, 0x0000, 0x0000, 0x23FF, 0x0156, 0x0000, 0x0000, 0x0000, 0x0000, 0x0000, 0x0000, 0x0000, 0x0000, 0x0000, 0x0000, 0x0000,
 0x0000, 0x0000, 0x0000, 0x0000, 0x0000, 0x0000, 0x0000, 0x0000, 0x0000, 0x0000, 0x0000, 0x0000, 0x0000, 0x0000, 0x0000, 0x0000,
};
 
const unsigned short Flame4[256] = {
 0x0000, 0x0000, 0x0000, 0x0000, 0x0000, 0x0000, 0x0000, 0x0000, 0x0000, 0x0000, 0x0000, 0x0000, 0x0000, 0x0000, 0x0000, 0x0000,
 0x0000, 0x0000, 0x0000, 0x0000, 0x0000, 0x0000, 0x0000, 0x0000, 0x0000, 0x0000, 0x0000, 0x0000, 0x0000, 0x0000, 0x0000, 0x0000,
 0x0000, 0x0000, 0x0000, 0x0000, 0x0000, 0x0000, 0x0000, 0x0000, 0x0000, 0x0000, 0x0000, 0x0000, 0x0000, 0x0000, 0x0000, 0x0000,
 0x0000, 0x0000, 0x0000, 0x0000, 0x0000, 0x0000, 0x0000, 0x0000, 0x0000, 0x0000, 0x0000, 0x0000, 0x0000, 0x0000, 0x0000, 0x0000,
 0x0000, 0x0000, 0x0000, 0x0000, 0x0000, 0x0000, 0x0000, 0x0156, 0x0000, 0x0000, 0x0000, 0x0000, 0x0000, 0x0000, 0x0000, 0x0000,
 0x0000, 0x0000, 0x0000, 0x0000, 0x0000, 0x0000, 0x0156, 0x23FF, 0x0156, 0x0156, 0x0000, 0x0000, 0x0000, 0x0000, 0x0000, 0x0000,
 0x0000, 0x0000, 0x0000, 0x0000, 0x0000, 0x0156, 0x23FF, 0x23FF, 0x23FF, 0x23FF, 0x0000, 0x0000, 0x0000, 0x0000, 0x0000, 0x0000,
 0x0000, 0x0000, 0x0000, 0x0000, 0x0156, 0x23FF, 0x23FF, 0x23FF, 0x23FF, 0x23FF, 0x0156, 0x0000, 0x0000, 0x0000, 0x0000, 0x0000,
 0x0000, 0x0000, 0x0000, 0x0156, 0x23FF, 0x079F, 0x079F, 0x079F, 0x23FF, 0x23FF, 0x0000, 0x0000, 0x0000, 0x0000, 0x0000, 0x0000,
 0x0000, 0x0000, 0x0000, 0x079F, 0x079F, 0x079F, 0x079F, 0x079F, 0x23FF, 0x0156, 0x0000, 0x0000, 0x0000, 0x0000, 0x0000, 0x0000,
 0x0000, 0x0000, 0x0000, 0x079F, 0x079F, 0x079F, 0x079F, 0x23FF, 0x0156, 0x0000, 0x0000, 0x0000, 0x0000, 0x0000, 0x0000, 0x0000,
 0x0000, 0x0156, 0x23FF, 0x079F, 0x079F, 0x079F, 0x23FF, 0x0156, 0x0000, 0x0000, 0x0000, 0x0000, 0x0000, 0x0000, 0x0000, 0x0000,
 0x0000, 0x23FF, 0x23FF, 0x079F, 0x0156, 0x0156, 0x0156, 0x0000, 0x0000, 0x0000, 0x0000, 0x0000, 0x0000, 0x0000, 0x0000, 0x0000,
 0x0000, 0x0000, 0x23FF, 0x0156, 0x0000, 0x0000, 0x0000, 0x0000, 0x0000, 0x0000, 0x0000, 0x0000, 0x0000, 0x0000, 0x0000, 0x0000,
 0x0000, 0x0000, 0x0000, 0x0000, 0x0000, 0x0000, 0x0000, 0x0000, 0x0000, 0x0000, 0x0000, 0x0000, 0x0000, 0x0000, 0x0000, 0x0000,
 0x0000, 0x0000, 0x0000, 0x0000, 0x0000, 0x0000, 0x0000, 0x0000, 0x0000, 0x0000, 0x0000, 0x0000, 0x0000, 0x0000, 0x0000, 0x0000,
};
 
const unsigned short Flame5[256] = {
 0x0000, 0x0000, 0x0000, 0x0000, 0x0000, 0x0000, 0x0000, 0x0000, 0x0000, 0x0000, 0x0000, 0x0000, 0x0000, 0x0000, 0x0000, 0x0000,
 0x0000, 0x0000, 0x0000, 0x0000, 0x0000, 0x0000, 0x0000, 0x0000, 0x0000, 0x0000, 0x0000, 0x0000, 0x0000, 0x0000, 0x0000, 0x0000,
 0x0000, 0x0000, 0x0000, 0x0000, 0x0000, 0x0000, 0x0000, 0x0000, 0x0000, 0x0000, 0x0000, 0x0000, 0x0000, 0x0000, 0x0000, 0x0000,
 0x0000, 0x0000, 0x0000, 0x0000, 0x0000, 0x0000, 0x0000, 0x0000, 0x0000, 0x0000, 0x0000, 0x0000, 0x0000, 0x0000, 0x0000, 0x0000,
 0x0000, 0x0000, 0x0000, 0x0000, 0x0000, 0x0000, 0x0000, 0x0000, 0x0156, 0x0000, 0x0000, 0x0000, 0x0000, 0x0000, 0x0000, 0x0000,
 0x0000, 0x0000, 0x0000, 0x0000, 0x0000, 0x0000, 0x0156, 0x23FF, 0x0156, 0x0000, 0x0000, 0x0000, 0x0000, 0x0000, 0x0000, 0x0000,
 0x0000, 0x0000, 0x0000, 0x0000, 0x0000, 0x23FF, 0x23FF, 0x23FF, 0x23FF, 0x23FF, 0x0000, 0x0000, 0x0000, 0x0000, 0x0000, 0x0000,
 0x0000, 0x0000, 0x0000, 0x0156, 0x23FF, 0x079F, 0x079F, 0x079F, 0x23FF, 0x23FF, 0x0156, 0x0000, 0x0000, 0x0000, 0x0000, 0x0000,
 0x0000, 0x0000, 0x0156, 0x079F, 0x079F, 0x079F, 0x079F, 0x079F, 0x23FF, 0x23FF, 0x0156, 0x0000, 0x0000, 0x0000, 0x0000, 0x0000,
 0x0000, 0x0000, 0x0156, 0x079F, 0x079F, 0x079F, 0x079F, 0x23FF, 0x23FF, 0x0156, 0x0000, 0x0000, 0x0000, 0x0000, 0x0000, 0x0000,
 0x0156, 0x23FF, 0x079F, 0x079F, 0x079F, 0x079F, 0x23FF, 0x0156, 0x0000, 0x0000, 0x0000, 0x0000, 0x0000, 0x0000, 0x0000, 0x0000,
 0x0000, 0x23FF, 0x079F, 0x23FF, 0x23FF, 0x23FF, 0x0156, 0x0000, 0x0000, 0x0000, 0x0000, 0x0000, 0x0000, 0x0000, 0x0000, 0x0000,
 0x0000, 0x23FF, 0x0156, 0x0000, 0x0000, 0x0000, 0x0000, 0x0000, 0x0000, 0x0000, 0x0000, 0x0000, 0x0000, 0x0000, 0x0000, 0x0000,
 0x0000, 0x0000, 0x0000, 0x0000, 0x0000, 0x0000, 0x0000, 0x0000, 0x0000, 0x0000, 0x0000, 0x0000, 0x0000, 0x0000, 0x0000, 0x0000,
 0x0000, 0x0000, 0x0000, 0x0000, 0x0000, 0x0000, 0x0000, 0x0000, 0x0000, 0x0000, 0x0000, 0x0000, 0x0000, 0x0000, 0x0000, 0x0000,
 0x0000, 0x0000, 0x0000, 0x0000, 0x0000, 0x0000, 0x0000, 0x0000, 0x0000, 0x0000, 0x0000, 0x0000, 0x0000, 0x0000, 0x0000, 0x0000,
};
 
const unsigned short Flame6[256] = {
 0x0000, 0x0000, 0x0000, 0x0000, 0x0000, 0x0000, 0x0000, 0x0000, 0x0000, 0x0000, 0x0000, 0x0000, 0x0000, 0x0000, 0x0000, 0x0000,
 0x0000, 0x0000, 0x0000, 0x0000, 0x0000, 0x0000, 0x0000, 0x0000, 0x0000, 0x0000, 0x0000, 0x0000, 0x0000, 0x0000, 0x0000, 0x0000,
 0x0000, 0x0000, 0x0000, 0x0000, 0x0000, 0x0000, 0x0000, 0x0000, 0x0000, 0x0000, 0x0000, 0x0000, 0x0000, 0x0000, 0x0000, 0x0000,
 0x0000, 0x0000, 0x0000, 0x0000, 0x0000, 0x0000, 0x0000, 0x0000, 0x0000, 0x0000, 0x0000, 0x0000, 0x0000, 0x0000, 0x0000, 0x0000,
 0x0000, 0x0000, 0x0000, 0x0000, 0x0000, 0x0000, 0x0000, 0x0000, 0x0000, 0x0156, 0x0000, 0x0000, 0x0000, 0x0000, 0x0000, 0x0000,
 0x0000, 0x0000, 0x0000, 0x0000, 0x0000, 0x0000, 0x0156, 0x23FF, 0x23FF, 0x0000, 0x0000, 0x0000, 0x0000, 0x0000, 0x0000, 0x0000,
 0x0000, 0x0000, 0x0000, 0x0156, 0x0156, 0x23FF, 0x23FF, 0x23FF, 0x23FF, 0x23FF, 0x0156, 0x0000, 0x0000, 0x0000, 0x0000, 0x0000,
 0x0000, 0x0000, 0x0156, 0x079F, 0x079F, 0x079F, 0x079F, 0x079F, 0x23FF, 0x23FF, 0x0000, 0x0000, 0x0000, 0x0000, 0x0000, 0x0000,
 0x0000, 0x0156, 0x23FF, 0x079F, 0x079F, 0x079F, 0x079F, 0x23FF, 0x23FF, 0x23FF, 0x0156, 0x0000, 0x0000, 0x0000, 0x0000, 0x0000,
 0x23FF, 0x079F, 0x079F, 0x079F, 0x079F, 0x079F, 0x079F, 0x23FF, 0x23FF, 0x0156, 0x0000, 0x0000, 0x0000, 0x0000, 0x0000, 0x0000,
 0x23FF, 0x23FF, 0x23FF, 0x23FF, 0x079F, 0x23FF, 0x0156, 0x0156, 0x0000, 0x0000, 0x0000, 0x0000, 0x0000, 0x0000, 0x0000, 0x0000,
 0x0000, 0x0156, 0x0156, 0x0000, 0x0156, 0x0000, 0x0000, 0x0000, 0x0000, 0x0000, 0x0000, 0x0000, 0x0000, 0x0000, 0x0000, 0x0000,
 0x0000, 0x0000, 0x0000, 0x0000, 0x0000, 0x0000, 0x0000, 0x0000, 0x0000, 0x0000, 0x0000, 0x0000, 0x0000, 0x0000, 0x0000, 0x0000,
 0x0000, 0x0000, 0x0000, 0x0000, 0x0000, 0x0000, 0x0000, 0x0000, 0x0000, 0x0000, 0x0000, 0x0000, 0x0000, 0x0000, 0x0000, 0x0000,
 0x0000, 0x0000, 0x0000, 0x0000, 0x0000, 0x0000, 0x0000, 0x0000, 0x0000, 0x0000, 0x0000, 0x0000, 0x0000, 0x0000, 0x0000, 0x0000,
 0x0000, 0x0000, 0x0000, 0x0000, 0x0000, 0x0000, 0x0000, 0x0000, 0x0000, 0x0000, 0x0000, 0x0000, 0x0000, 0x0000, 0x0000, 0x0000,
};
 
const unsigned short Flame7[256] = {
 0x0000, 0x0000, 0x0000, 0x0000, 0x0000, 0x0000, 0x0000, 0x0000, 0x0000, 0x0000, 0x0000, 0x0000, 0x0000, 0x0000, 0x0000, 0x0000,
 0x0000, 0x0000, 0x0000, 0x0000, 0x0000, 0x0000, 0x0000, 0x0000, 0x0000, 0x0000, 0x0000, 0x0000, 0x0000, 0x0000, 0x0000, 0x0000,
 0x0000, 0x0000, 0x0000, 0x0000, 0x0000, 0x0000, 0x0000, 0x0000, 0x0000, 0x0000, 0x0000, 0x0000, 0x0000, 0x0000, 0x0000, 0x0000,
 0x0000, 0x0000, 0x0000, 0x0000, 0x0000, 0x0000, 0x0000, 0x0000, 0x0000, 0x0000, 0x0000, 0x0000, 0x0000, 0x0000, 0x0000, 0x0000,
 0x0000, 0x0000, 0x0000, 0x0000, 0x0000, 0x0000, 0x0000, 0x0000, 0x0000, 0x0000, 0x0000, 0x0000, 0x0000, 0x0000, 0x0000, 0x0000,
 0x0000, 0x0000, 0x0000, 0x0000, 0x0156, 0x0156, 0x0156, 0x23FF, 0x23FF, 0x0156, 0x0000, 0x0000, 0x0000, 0x0000, 0x0000, 0x0000,
 0x0000, 0x0000, 0x0156, 0x23FF, 0x23FF, 0x079F, 0x23FF, 0x23FF, 0x23FF, 0x23FF, 0x0156, 0x0000, 0x0000, 0x0000, 0x0000, 0x0000,
 0x0156, 0x0156, 0x23FF, 0x079F, 0x079F, 0x079F, 0x079F, 0x079F, 0x23FF, 0x23FF, 0x0156, 0x0000, 0x0000, 0x0000, 0x0000, 0x0000,
 0x23FF, 0x079F, 0x079F, 0x079F, 0x079F, 0x079F, 0x079F, 0x23FF, 0x23FF, 0x23FF, 0x0156, 0x0000, 0x0000, 0x0000, 0x0000, 0x0000,
 0x23FF, 0x23FF, 0x23FF, 0x079F, 0x079F, 0x079F, 0x23FF, 0x23FF, 0x23FF, 0x0156, 0x0156, 0x0000, 0x0000, 0x0000, 0x0000, 0x0000,
 0x0156, 0x0000, 0x0000, 0x0156, 0x0156, 0x0156, 0x0000, 0x0000, 0x0000, 0x0000, 0x0000, 0x0000, 0x0000, 0x0000, 0x0000, 0x0000,
 0x0000, 0x0000, 0x0000, 0x0000, 0x0000, 0x0000, 0x0000, 0x0000, 0x0000, 0x0000, 0x0000, 0x0000, 0x0000, 0x0000, 0x0000, 0x0000,
 0x0000, 0x0000, 0x0000, 0x0000, 0x0000, 0x0000, 0x0000, 0x0000, 0x0000, 0x0000, 0x0000, 0x0000, 0x0000, 0x0000, 0x0000, 0x0000,
 0x0000, 0x0000, 0x0000, 0x0000, 0x0000, 0x0000, 0x0000, 0x0000, 0x0000, 0x0000, 0x0000, 0x0000, 0x0000, 0x0000, 0x0000, 0x0000,
 0x0000, 0x0000, 0x0000, 0x0000, 0x0000, 0x0000, 0x0000, 0x0000, 0x0000, 0x0000, 0x0000, 0x0000, 0x0000, 0x0000, 0x0000, 0x0000,
 0x0000, 0x0000, 0x0000, 0x0000, 0x0000, 0x0000, 0x0000, 0x0000, 0x0000, 0x0000, 0x0000, 0x0000, 0x0000, 0x0000, 0x0000, 0x0000,
};
 
const unsigned short Flame8[256] = {
 0x0000, 0x0000, 0x0000, 0x0000, 0x0000, 0x0000, 0x0000, 0x0000, 0x0000, 0x0000, 0x0000, 0x0000, 0x0000, 0x0000, 0x0000, 0x0000,
 0x0000, 0x0000, 0x0000, 0x0000, 0x0000, 0x0000, 0x0000, 0x0000, 0x0000, 0x0000, 0x0000, 0x0000, 0x0000, 0x0000, 0x0000, 0x0000,
 0x0000, 0x0000, 0x0000, 0x0000, 0x0000, 0x0000, 0x0000, 0x0000, 0x0000, 0x0000, 0x0000, 0x0000, 0x0000, 0x0000, 0x0000, 0x0000,
 0x0000, 0x0000, 0x0000, 0x0000, 0x0000, 0x0000, 0x0000, 0x0000, 0x0000, 0x0000, 0x0000, 0x0000, 0x0000, 0x0000, 0x0000, 0x0000,
 0x0000, 0x0000, 0x0000, 0x0000, 0x0000, 0x0000, 0x0000, 0x0000, 0x0000, 0x0000, 0x0000, 0x0000, 0x0000, 0x0000, 0x0000, 0x0000,
 0x0000, 0x0000, 0x0000, 0x23FF, 0x23FF, 0x23FF, 0x23FF, 0x23FF, 0x23FF, 0x0156, 0x0156, 0x0000, 0x0000, 0x0000, 0x0000, 0x0000,
 0x23FF, 0x23FF, 0x23FF, 0x079F, 0x079F, 0x079F, 0x079F, 0x23FF, 0x23FF, 0x23FF, 0x0000, 0x0000, 0x0000, 0x0000, 0x0000, 0x0000,
 0x23FF, 0x079F, 0x079F, 0x079F, 0x079F, 0x079F, 0x079F, 0x079F, 0x23FF, 0x23FF, 0x23FF, 0x0000, 0x0000, 0x0000, 0x0000, 0x0000,
 0x23FF, 0x23FF, 0x23FF, 0x079F, 0x079F, 0x079F, 0x079F, 0x23FF, 0x23FF, 0x23FF, 0x0000, 0x0000, 0x0000, 0x0000, 0x0000, 0x0000,
 0x0000, 0x0000, 0x0000, 0x23FF, 0x23FF, 0x23FF, 0x23FF, 0x23FF, 0x23FF, 0x0156, 0x0156, 0x0000, 0x0000, 0x0000, 0x0000, 0x0000,
 0x0000, 0x0000, 0x0000, 0x0000, 0x0000, 0x0000, 0x0000, 0x0000, 0x0000, 0x0000, 0x0000, 0x0000, 0x0000, 0x0000, 0x0000, 0x0000,
 0x0000, 0x0000, 0x0000, 0x0000, 0x0000, 0x0000, 0x0000, 0x0000, 0x0000, 0x0000, 0x0000, 0x0000, 0x0000, 0x0000, 0x0000, 0x0000,
 0x0000, 0x0000, 0x0000, 0x0000, 0x0000, 0x0000, 0x0000, 0x0000, 0x0000, 0x0000, 0x0000, 0x0000, 0x0000, 0x0000, 0x0000, 0x0000,
 0x0000, 0x0000, 0x0000, 0x0000, 0x0000, 0x0000, 0x0000, 0x0000, 0x0000, 0x0000, 0x0000, 0x0000, 0x0000, 0x0000, 0x0000, 0x0000,
 0x0000, 0x0000, 0x0000, 0x0000, 0x0000, 0x0000, 0x0000, 0x0000, 0x0000, 0x0000, 0x0000, 0x0000, 0x0000, 0x0000, 0x0000, 0x0000,
 0x0000, 0x0000, 0x0000, 0x0000, 0x0000, 0x0000, 0x0000, 0x0000, 0x0000, 0x0000, 0x0000, 0x0000, 0x0000, 0x0000, 0x0000, 0x0000,
};
 
const unsigned short Flame9[256] = {
 0x0000, 0x0000, 0x0000, 0x0000, 0x0000, 0x0000, 0x0000, 0x0000, 0x0000, 0x0000, 0x0000, 0x0000, 0x0000, 0x0000, 0x0000, 0x0000,
 0x0000, 0x0000, 0x0000, 0x0000, 0x0000, 0x0000, 0x0000, 0x0000, 0x0000, 0x0000, 0x0000, 0x0000, 0x0000, 0x0000, 0x0000, 0x0000,
 0x0000, 0x0000, 0x0000, 0x0000, 0x0000, 0x0000, 0x0000, 0x0000, 0x0000, 0x0000, 0x0000, 0x0000, 0x0000, 0x0000, 0x0000, 0x0000,
 0x0000, 0x0000, 0x0000, 0x0000, 0x0000, 0x0000, 0x0000, 0x0000, 0x0000, 0x0000, 0x0000, 0x0000, 0x0000, 0x0000, 0x0000, 0x0000,
 0x0000, 0x0000, 0x0000, 0x0156, 0x23FF, 0x0156, 0x0156, 0x0000, 0x0000, 0x0000, 0x0000, 0x0000, 0x0000, 0x0000, 0x0000, 0x0000,
 0x23FF, 0x23FF, 0x23FF, 0x23FF, 0x079F, 0x079F, 0x079F, 0x23FF, 0x23FF, 0x0156, 0x0156, 0x0000, 0x0000, 0x0000, 0x0000, 0x0000,
 0x23FF, 0x079F, 0x079F, 0x079F, 0x079F, 0x079F, 0x079F, 0x23FF, 0x23FF, 0x23FF, 0x0156, 0x0000, 0x0000, 0x0000, 0x0000, 0x0000,
 0x0156, 0x0156, 0x23FF, 0x079F, 0x079F, 0x079F, 0x079F, 0x079F, 0x23FF, 0x23FF, 0x0156, 0x0000, 0x0000, 0x0000, 0x0000, 0x0000,
 0x0000, 0x0000, 0x0000, 0x23FF, 0x23FF, 0x079F, 0x079F, 0x23FF, 0x23FF, 0x23FF, 0x0156, 0x0000, 0x0000, 0x0000, 0x0000, 0x0000,
 0x0000, 0x0000, 0x0000, 0x0000, 0x0000, 0x0156, 0x0156, 0x23FF, 0x23FF, 0x0156, 0x0000, 0x0000, 0x0000, 0x0000, 0x0000, 0x0000,
 0x0000, 0x0000, 0x0000, 0x0000, 0x0000, 0x0000, 0x0000, 0x0000, 0x0000, 0x0000, 0x0000, 0x0000, 0x0000, 0x0000, 0x0000, 0x0000,
 0x0000, 0x0000, 0x0000, 0x0000, 0x0000, 0x0000, 0x0000, 0x0000, 0x0000, 0x0000, 0x0000, 0x0000, 0x0000, 0x0000, 0x0000, 0x0000,
 0x0000, 0x0000, 0x0000, 0x0000, 0x0000, 0x0000, 0x0000, 0x0000, 0x0000, 0x0000, 0x0000, 0x0000, 0x0000, 0x0000, 0x0000, 0x0000,
 0x0000, 0x0000, 0x0000, 0x0000, 0x0000, 0x0000, 0x0000, 0x0000, 0x0000, 0x0000, 0x0000, 0x0000, 0x0000, 0x0000, 0x0000, 0x0000,
 0x0000, 0x0000, 0x0000, 0x0000, 0x0000, 0x0000, 0x0000, 0x0000, 0x0000, 0x0000, 0x0000, 0x0000, 0x0000, 0x0000, 0x0000, 0x0000,
 0x0000, 0x0000, 0x0000, 0x0000, 0x0000, 0x0000, 0x0000, 0x0000, 0x0000, 0x0000, 0x0000, 0x0000, 0x0000, 0x0000, 0x0000, 0x0000,
};
 
const unsigned short Flame10[256] = {
 0x0000, 0x0000, 0x0000, 0x0000, 0x0000, 0x0000, 0x0000, 0x0000, 0x0000, 0x0000, 0x0000, 0x0000, 0x0000, 0x0000, 0x0000, 0x0000,
 0x0000, 0x0000, 0x0000, 0x0000, 0x0000, 0x0000, 0x0000, 0x0000, 0x0000, 0x0000, 0x0000, 0x0000, 0x0000, 0x0000, 0x0000, 0x0000,
 0x0000, 0x0000, 0x0000, 0x0000, 0x0000, 0x0000, 0x0000, 0x0000, 0x0000, 0x0000, 0x0000, 0x0000, 0x0000, 0x0000, 0x0000, 0x0000,
 0x0000, 0x23FF, 0x0156, 0x0000, 0x0000, 0x0000, 0x0000, 0x0000, 0x0000, 0x0000, 0x0000, 0x0000, 0x0000, 0x0000, 0x0000, 0x0000,
 0x0000, 0x23FF, 0x079F, 0x23FF, 0x079F, 0x23FF, 0x23FF, 0x0156, 0x0000, 0x0000, 0x0000, 0x0000, 0x0000, 0x0000, 0x0000, 0x0000,
 0x23FF, 0x23FF, 0x079F, 0x079F, 0x079F, 0x079F, 0x079F, 0x23FF, 0x23FF, 0x0156, 0x0000, 0x0000, 0x0000, 0x0000, 0x0000, 0x0000,
 0x0000, 0x0156, 0x0156, 0x079F, 0x079F, 0x079F, 0x079F, 0x079F, 0x23FF, 0x23FF, 0x0156, 0x0156, 0x0000, 0x0000, 0x0000, 0x0000,
 0x0000, 0x0000, 0x0000, 0x23FF, 0x079F, 0x079F, 0x079F, 0x079F, 0x23FF, 0x23FF, 0x0156, 0x0000, 0x0000, 0x0000, 0x0000, 0x0000,
 0x0000, 0x0000, 0x0000, 0x0156, 0x0156, 0x23FF, 0x23FF, 0x23FF, 0x23FF, 0x23FF, 0x23FF, 0x0000, 0x0000, 0x0000, 0x0000, 0x0000,
 0x0000, 0x0000, 0x0000, 0x0000, 0x0000, 0x0000, 0x0156, 0x23FF, 0x23FF, 0x0156, 0x0000, 0x0000, 0x0000, 0x0000, 0x0000, 0x0000,
 0x0000, 0x0000, 0x0000, 0x0000, 0x0000, 0x0000, 0x0000, 0x0000, 0x0000, 0x0156, 0x0000, 0x0000, 0x0000, 0x0000, 0x0000, 0x0000,
 0x0000, 0x0000, 0x0000, 0x0000, 0x0000, 0x0000, 0x0000, 0x0000, 0x0000, 0x0000, 0x0000, 0x0000, 0x0000, 0x0000, 0x0000, 0x0000,
 0x0000, 0x0000, 0x0000, 0x0000, 0x0000, 0x0000, 0x0000, 0x0000, 0x0000, 0x0000, 0x0000, 0x0000, 0x0000, 0x0000, 0x0000, 0x0000,
 0x0000, 0x0000, 0x0000, 0x0000, 0x0000, 0x0000, 0x0000, 0x0000, 0x0000, 0x0000, 0x0000, 0x0000, 0x0000, 0x0000, 0x0000, 0x0000,
 0x0000, 0x0000, 0x0000, 0x0000, 0x0000, 0x0000, 0x0000, 0x0000, 0x0000, 0x0000, 0x0000, 0x0000, 0x0000, 0x0000, 0x0000, 0x0000,
 0x0000, 0x0000, 0x0000, 0x0000, 0x0000, 0x0000, 0x0000, 0x0000, 0x0000, 0x0000, 0x0000, 0x0000, 0x0000, 0x0000, 0x0000, 0x0000,
};
 
const unsigned short Flame11[256] = {
 0x0000, 0x0000, 0x0000, 0x0000, 0x0000, 0x0000, 0x0000, 0x0000, 0x0000, 0x0000, 0x0000, 0x0000, 0x0000, 0x0000, 0x0000, 0x0000,
 0x0000, 0x0000, 0x0000, 0x0000, 0x0000, 0x0000, 0x0000, 0x0000, 0x0000, 0x0000, 0x0000, 0x0000, 0x0000, 0x0000, 0x0000, 0x0000,
 0x0000, 0x0000, 0x23FF, 0x0156, 0x0000, 0x0000, 0x0000, 0x0000, 0x0000, 0x0000, 0x0000, 0x0000, 0x0000, 0x0000, 0x0000, 0x0000,
 0x0000, 0x23FF, 0x23FF, 0x23FF, 0x0156, 0x23FF, 0x0156, 0x0000, 0x0000, 0x0000, 0x0000, 0x0000, 0x0000, 0x0000, 0x0000, 0x0000,
 0x0000, 0x0156, 0x079F, 0x079F, 0x079F, 0x079F, 0x079F, 0x23FF, 0x0000, 0x0000, 0x0000, 0x0000, 0x0000, 0x0000, 0x0000, 0x0000,
 0x0000, 0x0000, 0x0156, 0x23FF, 0x079F, 0x079F, 0x079F, 0x079F, 0x23FF, 0x0156, 0x0000, 0x0000, 0x0000, 0x0000, 0x0000, 0x0000,
 0x0000, 0x0000, 0x0000, 0x23FF, 0x079F, 0x079F, 0x079F, 0x079F, 0x23FF, 0x23FF, 0x0156, 0x0000, 0x0000, 0x0000, 0x0000, 0x0000,
 0x0000, 0x0000, 0x0000, 0x0156, 0x23FF, 0x079F, 0x079F, 0x079F, 0x23FF, 0x23FF, 0x0156, 0x0156, 0x0000, 0x0000, 0x0000, 0x0000,
 0x0000, 0x0000, 0x0000, 0x0000, 0x0000, 0x0156, 0x23FF, 0x23FF, 0x23FF, 0x23FF, 0x0156, 0x0000, 0x0000, 0x0000, 0x0000, 0x0000,
 0x0000, 0x0000, 0x0000, 0x0000, 0x0000, 0x0000, 0x0156, 0x23FF, 0x23FF, 0x0156, 0x0156, 0x0000, 0x0000, 0x0000, 0x0000, 0x0000,
 0x0000, 0x0000, 0x0000, 0x0000, 0x0000, 0x0000, 0x0000, 0x0000, 0x0156, 0x0156, 0x0000, 0x0000, 0x0000, 0x0000, 0x0000, 0x0000,
 0x0000, 0x0000, 0x0000, 0x0000, 0x0000, 0x0000, 0x0000, 0x0000, 0x0000, 0x0000, 0x0000, 0x0000, 0x0000, 0x0000, 0x0000, 0x0000,
 0x0000, 0x0000, 0x0000, 0x0000, 0x0000, 0x0000, 0x0000, 0x0000, 0x0000, 0x0000, 0x0000, 0x0000, 0x0000, 0x0000, 0x0000, 0x0000,
 0x0000, 0x0000, 0x0000, 0x0000, 0x0000, 0x0000, 0x0000, 0x0000, 0x0000, 0x0000, 0x0000, 0x0000, 0x0000, 0x0000, 0x0000, 0x0000,
 0x0000, 0x0000, 0x0000, 0x0000, 0x0000, 0x0000, 0x0000, 0x0000, 0x0000, 0x0000, 0x0000, 0x0000, 0x0000, 0x0000, 0x0000, 0x0000,
 0x0000, 0x0000, 0x0000, 0x0000, 0x0000, 0x0000, 0x0000, 0x0000, 0x0000, 0x0000, 0x0000, 0x0000, 0x0000, 0x0000, 0x0000, 0x0000,
};
 
const unsigned short Flame12[256] = {
 0x0000, 0x0000, 0x0000, 0x0000, 0x0000, 0x0000, 0x0000, 0x0000, 0x0000, 0x0000, 0x0000, 0x0000, 0x0000, 0x0000, 0x0000, 0x0000,
 0x0000, 0x0000, 0x0000, 0x23FF, 0x0156, 0x0000, 0x0000, 0x0000, 0x0000, 0x0000, 0x0000, 0x0000, 0x0000, 0x0000, 0x0000, 0x0000,
 0x0000, 0x0000, 0x23FF, 0x23FF, 0x23FF, 0x0000, 0x0000, 0x0000, 0x0000, 0x0000, 0x0000, 0x0000, 0x0000, 0x0000, 0x0000, 0x0000,
 0x0000, 0x0000, 0x0156, 0x079F, 0x079F, 0x079F, 0x079F, 0x0156, 0x0000, 0x0000, 0x0000, 0x0000, 0x0000, 0x0000, 0x0000, 0x0000,
 0x0000, 0x0000, 0x0000, 0x0156, 0x079F, 0x079F, 0x079F, 0x23FF, 0x0156, 0x0000, 0x0000, 0x0000, 0x0000, 0x0000, 0x0000, 0x0000,
 0x0000, 0x0000, 0x0000, 0x0156, 0x079F, 0x079F, 0x079F, 0x079F, 0x23FF, 0x0156, 0x0000, 0x0000, 0x0000, 0x0000, 0x0000, 0x0000,
 0x0000, 0x0000, 0x0000, 0x0156, 0x23FF, 0x079F, 0x079F, 0x079F, 0x23FF, 0x23FF, 0x0156, 0x0000, 0x0000, 0x0000, 0x0000, 0x0000,
 0x0000, 0x0000, 0x0000, 0x0000, 0x0156, 0x23FF, 0x079F, 0x079F, 0x23FF, 0x23FF, 0x23FF, 0x0156, 0x0000, 0x0000, 0x0000, 0x0000,
 0x0000, 0x0000, 0x0000, 0x0000, 0x0000, 0x0156, 0x23FF, 0x23FF, 0x23FF, 0x23FF, 0x0156, 0x0000, 0x0000, 0x0000, 0x0000, 0x0000,
 0x0000, 0x0000, 0x0000, 0x0000, 0x0000, 0x0000, 0x0156, 0x23FF, 0x23FF, 0x23FF, 0x0156, 0x0000, 0x0000, 0x0000, 0x0000, 0x0000,
 0x0000, 0x0000, 0x0000, 0x0000, 0x0000, 0x0000, 0x0000, 0x0000, 0x0156, 0x0000, 0x0000, 0x0000, 0x0000, 0x0000, 0x0000, 0x0000,
 0x0000, 0x0000, 0x0000, 0x0000, 0x0000, 0x0000, 0x0000, 0x0000, 0x0000, 0x0000, 0x0000, 0x0000, 0x0000, 0x0000, 0x0000, 0x0000,
 0x0000, 0x0000, 0x0000, 0x0000, 0x0000, 0x0000, 0x0000, 0x0000, 0x0000, 0x0000, 0x0000, 0x0000, 0x0000, 0x0000, 0x0000, 0x0000,
 0x0000, 0x0000, 0x0000, 0x0000, 0x0000, 0x0000, 0x0000, 0x0000, 0x0000, 0x0000, 0x0000, 0x0000, 0x0000, 0x0000, 0x0000, 0x0000,
 0x0000, 0x0000, 0x0000, 0x0000, 0x0000, 0x0000, 0x0000, 0x0000, 0x0000, 0x0000, 0x0000, 0x0000, 0x0000, 0x0000, 0x0000, 0x0000,
 0x0000, 0x0000, 0x0000, 0x0000, 0x0000, 0x0000, 0x0000, 0x0000, 0x0000, 0x0000, 0x0000, 0x0000, 0x0000, 0x0000, 0x0000, 0x0000,
};
 
const unsigned short Flame13[256] = {
 0x0000, 0x0000, 0x0000, 0x0000, 0x0000, 0x0156, 0x0000, 0x0000, 0x0000, 0x0000, 0x0000, 0x0000, 0x0000, 0x0000, 0x0000, 0x0000,
 0x0000, 0x0000, 0x0000, 0x23FF, 0x23FF, 0x23FF, 0x0000, 0x0000, 0x0000, 0x0000, 0x0000, 0x0000, 0x0000, 0x0000, 0x0000, 0x0000,
 0x0000, 0x0000, 0x0000, 0x0156, 0x079F, 0x079F, 0x0156, 0x0156, 0x0000, 0x0000, 0x0000, 0x0000, 0x0000, 0x0000, 0x0000, 0x0000,
 0x0000, 0x0000, 0x0000, 0x0000, 0x23FF, 0x079F, 0x079F, 0x079F, 0x0156, 0x0000, 0x0000, 0x0000, 0x0000, 0x0000, 0x0000, 0x0000,
 0x0000, 0x0000, 0x0000, 0x0000, 0x23FF, 0x079F, 0x079F, 0x079F, 0x23FF, 0x0000, 0x0000, 0x0000, 0x0000, 0x0000, 0x0000, 0x0000,
 0x0000, 0x0000, 0x0000, 0x0000, 0x23FF, 0x079F, 0x079F, 0x079F, 0x079F, 0x23FF, 0x0000, 0x0000, 0x0000, 0x0000, 0x0000, 0x0000,
 0x0000, 0x0000, 0x0000, 0x0000, 0x0156, 0x23FF, 0x079F, 0x079F, 0x079F, 0x23FF, 0x0156, 0x0000, 0x0000, 0x0000, 0x0000, 0x0000,
 0x0000, 0x0000, 0x0000, 0x0000, 0x0000, 0x0156, 0x23FF, 0x079F, 0x079F, 0x23FF, 0x23FF, 0x0000, 0x0000, 0x0000, 0x0000, 0x0000,
 0x0000, 0x0000, 0x0000, 0x0000, 0x0000, 0x0000, 0x23FF, 0x23FF, 0x23FF, 0x23FF, 0x0156, 0x0156, 0x0000, 0x0000, 0x0000, 0x0000,
 0x0000, 0x0000, 0x0000, 0x0000, 0x0000, 0x0000, 0x0156, 0x23FF, 0x23FF, 0x23FF, 0x0000, 0x0000, 0x0000, 0x0000, 0x0000, 0x0000,
 0x0000, 0x0000, 0x0000, 0x0000, 0x0000, 0x0000, 0x0000, 0x0156, 0x0156, 0x0000, 0x0000, 0x0000, 0x0000, 0x0000, 0x0000, 0x0000,
 0x0000, 0x0000, 0x0000, 0x0000, 0x0000, 0x0000, 0x0000, 0x0000, 0x0000, 0x0000, 0x0000, 0x0000, 0x0000, 0x0000, 0x0000, 0x0000,
 0x0000, 0x0000, 0x0000, 0x0000, 0x0000, 0x0000, 0x0000, 0x0000, 0x0000, 0x0000, 0x0000, 0x0000, 0x0000, 0x0000, 0x0000, 0x0000,
 0x0000, 0x0000, 0x0000, 0x0000, 0x0000, 0x0000, 0x0000, 0x0000, 0x0000, 0x0000, 0x0000, 0x0000, 0x0000, 0x0000, 0x0000, 0x0000,
 0x0000, 0x0000, 0x0000, 0x0000, 0x0000, 0x0000, 0x0000, 0x0000, 0x0000, 0x0000, 0x0000, 0x0000, 0x0000, 0x0000, 0x0000, 0x0000,
 0x0000, 0x0000, 0x0000, 0x0000, 0x0000, 0x0000, 0x0000, 0x0000, 0x0000, 0x0000, 0x0000, 0x0000, 0x0000, 0x0000, 0x0000, 0x0000,
};
 
const unsigned short Flame14[256] = {
 0x0000, 0x0000, 0x0000, 0x0000, 0x0000, 0x23FF, 0x23FF, 0x0000, 0x0000, 0x0000, 0x0000, 0x0000, 0x0000, 0x0000, 0x0000, 0x0000,
 0x0000, 0x0000, 0x0000, 0x0000, 0x0156, 0x23FF, 0x079F, 0x0156, 0x0000, 0x0000, 0x0000, 0x0000, 0x0000, 0x0000, 0x0000, 0x0000,
 0x0000, 0x0000, 0x0000, 0x0000, 0x0156, 0x23FF, 0x079F, 0x23FF, 0x0156, 0x0000, 0x0000, 0x0000, 0x0000, 0x0000, 0x0000, 0x0000,
 0x0000, 0x0000, 0x0000, 0x0000, 0x0000, 0x23FF, 0x079F, 0x079F, 0x079F, 0x0156, 0x0000, 0x0000, 0x0000, 0x0000, 0x0000, 0x0000,
 0x0000, 0x0000, 0x0000, 0x0000, 0x0156, 0x079F, 0x079F, 0x079F, 0x079F, 0x0156, 0x0000, 0x0000, 0x0000, 0x0000, 0x0000, 0x0000,
 0x0000, 0x0000, 0x0000, 0x0000, 0x0000, 0x23FF, 0x079F, 0x079F, 0x079F, 0x23FF, 0x0000, 0x0000, 0x0000, 0x0000, 0x0000, 0x0000,
 0x0000, 0x0000, 0x0000, 0x0000, 0x0000, 0x0156, 0x079F, 0x079F, 0x079F, 0x23FF, 0x0156, 0x0000, 0x0000, 0x0000, 0x0000, 0x0000,
 0x0000, 0x0000, 0x0000, 0x0000, 0x0000, 0x0156, 0x23FF, 0x23FF, 0x079F, 0x23FF, 0x23FF, 0x0000, 0x0000, 0x0000, 0x0000, 0x0000,
 0x0000, 0x0000, 0x0000, 0x0000, 0x0000, 0x0000, 0x23FF, 0x23FF, 0x23FF, 0x23FF, 0x23FF, 0x0000, 0x0000, 0x0000, 0x0000, 0x0000,
 0x0000, 0x0000, 0x0000, 0x0000, 0x0000, 0x0000, 0x0156, 0x23FF, 0x23FF, 0x23FF, 0x0000, 0x0156, 0x0000, 0x0000, 0x0000, 0x0000,
 0x0000, 0x0000, 0x0000, 0x0000, 0x0000, 0x0000, 0x0000, 0x0156, 0x0000, 0x0156, 0x0000, 0x0000, 0x0000, 0x0000, 0x0000, 0x0000,
 0x0000, 0x0000, 0x0000, 0x0000, 0x0000, 0x0000, 0x0000, 0x0000, 0x0000, 0x0000, 0x0000, 0x0000, 0x0000, 0x0000, 0x0000, 0x0000,
 0x0000, 0x0000, 0x0000, 0x0000, 0x0000, 0x0000, 0x0000, 0x0000, 0x0000, 0x0000, 0x0000, 0x0000, 0x0000, 0x0000, 0x0000, 0x0000,
 0x0000, 0x0000, 0x0000, 0x0000, 0x0000, 0x0000, 0x0000, 0x0000, 0x0000, 0x0000, 0x0000, 0x0000, 0x0000, 0x0000, 0x0000, 0x0000,
 0x0000, 0x0000, 0x0000, 0x0000, 0x0000, 0x0000, 0x0000, 0x0000, 0x0000, 0x0000, 0x0000, 0x0000, 0x0000, 0x0000, 0x0000, 0x0000,
 0x0000, 0x0000, 0x0000, 0x0000, 0x0000, 0x0000, 0x0000, 0x0000, 0x0000, 0x0000, 0x0000, 0x0000, 0x0000, 0x0000, 0x0000, 0x0000,
};
 
const unsigned short Flame15[256] = {
 0x0000, 0x0000, 0x0000, 0x0000, 0x0000, 0x0156, 0x23FF, 0x23FF, 0x0156, 0x0000, 0x0000, 0x0000, 0x0000, 0x0000, 0x0000, 0x0000,
 0x0000, 0x0000, 0x0000, 0x0000, 0x0000, 0x0000, 0x23FF, 0x079F, 0x0156, 0x0000, 0x0000, 0x0000, 0x0000, 0x0000, 0x0000, 0x0000,
 0x0000, 0x0000, 0x0000, 0x0000, 0x0000, 0x0000, 0x23FF, 0x079F, 0x23FF, 0x0156, 0x0000, 0x0000, 0x0000, 0x0000, 0x0000, 0x0000,
 0x0000, 0x0000, 0x0000, 0x0000, 0x0000, 0x0156, 0x079F, 0x079F, 0x079F, 0x23FF, 0x0000, 0x0000, 0x0000, 0x0000, 0x0000, 0x0000,
 0x0000, 0x0000, 0x0000, 0x0000, 0x0000, 0x0156, 0x079F, 0x079F, 0x079F, 0x23FF, 0x0156, 0x0000, 0x0000, 0x0000, 0x0000, 0x0000,
 0x0000, 0x0000, 0x0000, 0x0000, 0x0000, 0x0156, 0x079F, 0x079F, 0x079F, 0x079F, 0x0156, 0x0000, 0x0000, 0x0000, 0x0000, 0x0000,
 0x0000, 0x0000, 0x0000, 0x0000, 0x0000, 0x0000, 0x23FF, 0x079F, 0x079F, 0x23FF, 0x0156, 0x0000, 0x0000, 0x0000, 0x0000, 0x0000,
 0x0000, 0x0000, 0x0000, 0x0000, 0x0000, 0x0000, 0x23FF, 0x23FF, 0x079F, 0x23FF, 0x23FF, 0x0000, 0x0000, 0x0000, 0x0000, 0x0000,
 0x0000, 0x0000, 0x0000, 0x0000, 0x0000, 0x0000, 0x23FF, 0x23FF, 0x23FF, 0x23FF, 0x23FF, 0x0000, 0x0000, 0x0000, 0x0000, 0x0000,
 0x0000, 0x0000, 0x0000, 0x0000, 0x0000, 0x0000, 0x0156, 0x23FF, 0x23FF, 0x23FF, 0x0156, 0x0000, 0x0000, 0x0000, 0x0000, 0x0000,
 0x0000, 0x0000, 0x0000, 0x0000, 0x0000, 0x0000, 0x0156, 0x0156, 0x0156, 0x0156, 0x0000, 0x0000, 0x0000, 0x0000, 0x0000, 0x0000,
 0x0000, 0x0000, 0x0000, 0x0000, 0x0000, 0x0000, 0x0000, 0x0000, 0x0000, 0x0000, 0x0000, 0x0000, 0x0000, 0x0000, 0x0000, 0x0000,
 0x0000, 0x0000, 0x0000, 0x0000, 0x0000, 0x0000, 0x0000, 0x0000, 0x0000, 0x0000, 0x0000, 0x0000, 0x0000, 0x0000, 0x0000, 0x0000,
 0x0000, 0x0000, 0x0000, 0x0000, 0x0000, 0x0000, 0x0000, 0x0000, 0x0000, 0x0000, 0x0000, 0x0000, 0x0000, 0x0000, 0x0000, 0x0000,
 0x0000, 0x0000, 0x0000, 0x0000, 0x0000, 0x0000, 0x0000, 0x0000, 0x0000, 0x0000, 0x0000, 0x0000, 0x0000, 0x0000, 0x0000, 0x0000,
 0x0000, 0x0000, 0x0000, 0x0000, 0x0000, 0x0000, 0x0000, 0x0000, 0x0000, 0x0000, 0x0000, 0x0000, 0x0000, 0x0000, 0x0000, 0x0000,
};
 
const unsigned short Flame16[256] = {
 0x0000, 0x0000, 0x0000, 0x0000, 0x0000, 0x0000, 0x0000, 0x23FF, 0x23FF, 0x23FF, 0x0000, 0x0000, 0x0000, 0x0000, 0x0000, 0x0000,
 0x0000, 0x0000, 0x0000, 0x0000, 0x0000, 0x0000, 0x0000, 0x23FF, 0x079F, 0x23FF, 0x0000, 0x0000, 0x0000, 0x0000, 0x0000, 0x0000,
 0x0000, 0x0000, 0x0000, 0x0000, 0x0000, 0x0000, 0x0000, 0x23FF, 0x079F, 0x23FF, 0x0000, 0x0000, 0x0000, 0x0000, 0x0000, 0x0000,
 0x0000, 0x0000, 0x0000, 0x0000, 0x0000, 0x0000, 0x23FF, 0x079F, 0x079F, 0x079F, 0x23FF, 0x0000, 0x0000, 0x0000, 0x0000, 0x0000,
 0x0000, 0x0000, 0x0000, 0x0000, 0x0000, 0x0000, 0x23FF, 0x079F, 0x079F, 0x079F, 0x23FF, 0x0000, 0x0000, 0x0000, 0x0000, 0x0000,
 0x0000, 0x0000, 0x0000, 0x0000, 0x0000, 0x0000, 0x23FF, 0x079F, 0x079F, 0x079F, 0x23FF, 0x0000, 0x0000, 0x0000, 0x0000, 0x0000,
 0x0000, 0x0000, 0x0000, 0x0000, 0x0000, 0x0000, 0x23FF, 0x079F, 0x079F, 0x079F, 0x23FF, 0x0000, 0x0000, 0x0000, 0x0000, 0x0000,
 0x0000, 0x0000, 0x0000, 0x0000, 0x0000, 0x0000, 0x23FF, 0x23FF, 0x079F, 0x23FF, 0x23FF, 0x0000, 0x0000, 0x0000, 0x0000, 0x0000,
 0x0000, 0x0000, 0x0000, 0x0000, 0x0000, 0x0000, 0x23FF, 0x23FF, 0x23FF, 0x23FF, 0x23FF, 0x0000, 0x0000, 0x0000, 0x0000, 0x0000,
 0x0000, 0x0000, 0x0000, 0x0000, 0x0000, 0x0000, 0x0156, 0x23FF, 0x23FF, 0x23FF, 0x0156, 0x0000, 0x0000, 0x0000, 0x0000, 0x0000,
 0x0000, 0x0000, 0x0000, 0x0000, 0x0000, 0x0000, 0x0156, 0x0000, 0x23FF, 0x0000, 0x0156, 0x0000, 0x0000, 0x0000, 0x0000, 0x0000,
 0x0000, 0x0000, 0x0000, 0x0000, 0x0000, 0x0000, 0x0000, 0x0000, 0x0000, 0x0000, 0x0000, 0x0000, 0x0000, 0x0000, 0x0000, 0x0000,
 0x0000, 0x0000, 0x0000, 0x0000, 0x0000, 0x0000, 0x0000, 0x0000, 0x0000, 0x0000, 0x0000, 0x0000, 0x0000, 0x0000, 0x0000, 0x0000,
 0x0000, 0x0000, 0x0000, 0x0000, 0x0000, 0x0000, 0x0000, 0x0000, 0x0000, 0x0000, 0x0000, 0x0000, 0x0000, 0x0000, 0x0000, 0x0000,
 0x0000, 0x0000, 0x0000, 0x0000, 0x0000, 0x0000, 0x0000, 0x0000, 0x0000, 0x0000, 0x0000, 0x0000, 0x0000, 0x0000, 0x0000, 0x0000,
 0x0000, 0x0000, 0x0000, 0x0000, 0x0000, 0x0000, 0x0000, 0x0000, 0x0000, 0x0000, 0x0000, 0x0000, 0x0000, 0x0000, 0x0000, 0x0000,
};
 
const unsigned short Flame17[256] = {
 0x0000, 0x0000, 0x0000, 0x0000, 0x0000, 0x0000, 0x0000, 0x0000, 0x0156, 0x23FF, 0x23FF, 0x0000, 0x0000, 0x0000, 0x0000, 0x0000,
 0x0000, 0x0000, 0x0000, 0x0000, 0x0000, 0x0000, 0x0000, 0x0000, 0x0156, 0x079F, 0x23FF, 0x0000, 0x0000, 0x0000, 0x0000, 0x0000,
 0x0000, 0x0000, 0x0000, 0x0000, 0x0000, 0x0000, 0x0000, 0x0000, 0x23FF, 0x079F, 0x23FF, 0x0000, 0x0000, 0x0000, 0x0000, 0x0000,
 0x0000, 0x0000, 0x0000, 0x0000, 0x0000, 0x0000, 0x0000, 0x23FF, 0x079F, 0x079F, 0x23FF, 0x0156, 0x0000, 0x0000, 0x0000, 0x0000,
 0x0000, 0x0000, 0x0000, 0x0000, 0x0000, 0x0000, 0x0000, 0x23FF, 0x079F, 0x079F, 0x079F, 0x23FF, 0x0000, 0x0000, 0x0000, 0x0000,
 0x0000, 0x0000, 0x0000, 0x0000, 0x0000, 0x0000, 0x0156, 0x079F, 0x079F, 0x079F, 0x079F, 0x0156, 0x0000, 0x0000, 0x0000, 0x0000,
 0x0000, 0x0000, 0x0000, 0x0000, 0x0000, 0x0000, 0x0156, 0x079F, 0x079F, 0x079F, 0x079F, 0x0156, 0x0000, 0x0000, 0x0000, 0x0000,
 0x0000, 0x0000, 0x0000, 0x0000, 0x0000, 0x0000, 0x23FF, 0x23FF, 0x079F, 0x23FF, 0x23FF, 0x0000, 0x0000, 0x0000, 0x0000, 0x0000,
 0x0000, 0x0000, 0x0000, 0x0000, 0x0000, 0x0000, 0x23FF, 0x23FF, 0x23FF, 0x23FF, 0x23FF, 0x0000, 0x0000, 0x0000, 0x0000, 0x0000,
 0x0000, 0x0000, 0x0000, 0x0000, 0x0000, 0x0000, 0x0156, 0x23FF, 0x23FF, 0x23FF, 0x0156, 0x0000, 0x0000, 0x0000, 0x0000, 0x0000,
 0x0000, 0x0000, 0x0000, 0x0000, 0x0000, 0x0000, 0x0000, 0x0156, 0x0156, 0x0156, 0x0156, 0x0000, 0x0000, 0x0000, 0x0000, 0x0000,
 0x0000, 0x0000, 0x0000, 0x0000, 0x0000, 0x0000, 0x0000, 0x0000, 0x0000, 0x0000, 0x0000, 0x0000, 0x0000, 0x0000, 0x0000, 0x0000,
 0x0000, 0x0000, 0x0000, 0x0000, 0x0000, 0x0000, 0x0000, 0x0000, 0x0000, 0x0000, 0x0000, 0x0000, 0x0000, 0x0000, 0x0000, 0x0000,
 0x0000, 0x0000, 0x0000, 0x0000, 0x0000, 0x0000, 0x0000, 0x0000, 0x0000, 0x0000, 0x0000, 0x0000, 0x0000, 0x0000, 0x0000, 0x0000,
 0x0000, 0x0000, 0x0000, 0x0000, 0x0000, 0x0000, 0x0000, 0x0000, 0x0000, 0x0000, 0x0000, 0x0000, 0x0000, 0x0000, 0x0000, 0x0000,
 0x0000, 0x0000, 0x0000, 0x0000, 0x0000, 0x0000, 0x0000, 0x0000, 0x0000, 0x0000, 0x0000, 0x0000, 0x0000, 0x0000, 0x0000, 0x0000,
};
 
const unsigned short Flame18[256] = {
 0x0000, 0x0000, 0x0000, 0x0000, 0x0000, 0x0000, 0x0000, 0x0000, 0x0000, 0x0000, 0x23FF, 0x0000, 0x0000, 0x0000, 0x0000, 0x0000,
 0x0000, 0x0000, 0x0000, 0x0000, 0x0000, 0x0000, 0x0000, 0x0000, 0x0000, 0x0156, 0x23FF, 0x23FF, 0x23FF, 0x0000, 0x0000, 0x0000,
 0x0000, 0x0000, 0x0000, 0x0000, 0x0000, 0x0000, 0x0000, 0x0000, 0x0000, 0x0156, 0x079F, 0x079F, 0x0156, 0x0000, 0x0000, 0x0000,
 0x0000, 0x0000, 0x0000, 0x0000, 0x0000, 0x0000, 0x0000, 0x0156, 0x23FF, 0x079F, 0x079F, 0x23FF, 0x0000, 0x0000, 0x0000, 0x0000,
 0x0000, 0x0000, 0x0000, 0x0000, 0x0000, 0x0000, 0x0000, 0x0156, 0x079F, 0x079F, 0x079F, 0x079F, 0x0000, 0x0000, 0x0000, 0x0000,
 0x0000, 0x0000, 0x0000, 0x0000, 0x0000, 0x0000, 0x0000, 0x23FF, 0x079F, 0x079F, 0x079F, 0x23FF, 0x0000, 0x0000, 0x0000, 0x0000,
 0x0000, 0x0000, 0x0000, 0x0000, 0x0000, 0x0000, 0x0156, 0x23FF, 0x079F, 0x079F, 0x079F, 0x23FF, 0x0000, 0x0000, 0x0000, 0x0000,
 0x0000, 0x0000, 0x0000, 0x0000, 0x0000, 0x0000, 0x23FF, 0x23FF, 0x079F, 0x079F, 0x23FF, 0x0156, 0x0000, 0x0000, 0x0000, 0x0000,
 0x0000, 0x0000, 0x0000, 0x0000, 0x0000, 0x0000, 0x23FF, 0x23FF, 0x23FF, 0x23FF, 0x23FF, 0x0000, 0x0000, 0x0000, 0x0000, 0x0000,
 0x0000, 0x0000, 0x0000, 0x0000, 0x0000, 0x0156, 0x0156, 0x23FF, 0x23FF, 0x23FF, 0x0156, 0x0000, 0x0000, 0x0000, 0x0000, 0x0000,
 0x0000, 0x0000, 0x0000, 0x0000, 0x0000, 0x0000, 0x0000, 0x23FF, 0x0156, 0x0156, 0x0000, 0x0000, 0x0000, 0x0000, 0x0000, 0x0000,
 0x0000, 0x0000, 0x0000, 0x0000, 0x0000, 0x0000, 0x0000, 0x0000, 0x0000, 0x0156, 0x0000, 0x0000, 0x0000, 0x0000, 0x0000, 0x0000,
 0x0000, 0x0000, 0x0000, 0x0000, 0x0000, 0x0000, 0x0000, 0x0000, 0x0000, 0x0000, 0x0000, 0x0000, 0x0000, 0x0000, 0x0000, 0x0000,
 0x0000, 0x0000, 0x0000, 0x0000, 0x0000, 0x0000, 0x0000, 0x0000, 0x0000, 0x0000, 0x0000, 0x0000, 0x0000, 0x0000, 0x0000, 0x0000,
 0x0000, 0x0000, 0x0000, 0x0000, 0x0000, 0x0000, 0x0000, 0x0000, 0x0000, 0x0000, 0x0000, 0x0000, 0x0000, 0x0000, 0x0000, 0x0000,
 0x0000, 0x0000, 0x0000, 0x0000, 0x0000, 0x0000, 0x0000, 0x0000, 0x0000, 0x0000, 0x0000, 0x0000, 0x0000, 0x0000, 0x0000, 0x0000,
};
 
const unsigned short Flame19[256] = {
 0x0000, 0x0000, 0x0000, 0x0000, 0x0000, 0x0000, 0x0000, 0x0000, 0x0000, 0x0000, 0x0000, 0x0000, 0x0000, 0x0000, 0x0000, 0x0000,
 0x0000, 0x0000, 0x0000, 0x0000, 0x0000, 0x0000, 0x0000, 0x0000, 0x0000, 0x0000, 0x0000, 0x0156, 0x23FF, 0x0000, 0x0000, 0x0000,
 0x0000, 0x0000, 0x0000, 0x0000, 0x0000, 0x0000, 0x0000, 0x0000, 0x0000, 0x0000, 0x0156, 0x079F, 0x23FF, 0x23FF, 0x0000, 0x0000,
 0x0000, 0x0000, 0x0000, 0x0000, 0x0000, 0x0000, 0x0000, 0x0000, 0x0156, 0x23FF, 0x23FF, 0x079F, 0x23FF, 0x0156, 0x0000, 0x0000,
 0x0000, 0x0000, 0x0000, 0x0000, 0x0000, 0x0000, 0x0000, 0x0000, 0x23FF, 0x079F, 0x079F, 0x079F, 0x0156, 0x0000, 0x0000, 0x0000,
 0x0000, 0x0000, 0x0000, 0x0000, 0x0000, 0x0000, 0x0000, 0x0156, 0x079F, 0x079F, 0x079F, 0x079F, 0x23FF, 0x0000, 0x0000, 0x0000,
 0x0000, 0x0000, 0x0000, 0x0000, 0x0000, 0x0000, 0x0156, 0x23FF, 0x079F, 0x079F, 0x079F, 0x079F, 0x0156, 0x0000, 0x0000, 0x0000,
 0x0000, 0x0000, 0x0000, 0x0000, 0x0000, 0x0000, 0x23FF, 0x23FF, 0x079F, 0x079F, 0x079F, 0x23FF, 0x0000, 0x0000, 0x0000, 0x0000,
 0x0000, 0x0000, 0x0000, 0x0000, 0x0000, 0x0156, 0x23FF, 0x23FF, 0x23FF, 0x23FF, 0x23FF, 0x0000, 0x0000, 0x0000, 0x0000, 0x0000,
 0x0000, 0x0000, 0x0000, 0x0000, 0x0000, 0x0156, 0x0156, 0x23FF, 0x23FF, 0x23FF, 0x0156, 0x0000, 0x0000, 0x0000, 0x0000, 0x0000,
 0x0000, 0x0000, 0x0000, 0x0000, 0x0000, 0x0000, 0x0156, 0x0156, 0x0156, 0x0156, 0x0000, 0x0000, 0x0000, 0x0000, 0x0000, 0x0000,
 0x0000, 0x0000, 0x0000, 0x0000, 0x0000, 0x0000, 0x0000, 0x0000, 0x0156, 0x0000, 0x0000, 0x0000, 0x0000, 0x0000, 0x0000, 0x0000,
 0x0000, 0x0000, 0x0000, 0x0000, 0x0000, 0x0000, 0x0000, 0x0000, 0x0000, 0x0000, 0x0000, 0x0000, 0x0000, 0x0000, 0x0000, 0x0000,
 0x0000, 0x0000, 0x0000, 0x0000, 0x0000, 0x0000, 0x0000, 0x0000, 0x0000, 0x0000, 0x0000, 0x0000, 0x0000, 0x0000, 0x0000, 0x0000,
 0x0000, 0x0000, 0x0000, 0x0000, 0x0000, 0x0000, 0x0000, 0x0000, 0x0000, 0x0000, 0x0000, 0x0000, 0x0000, 0x0000, 0x0000, 0x0000,
 0x0000, 0x0000, 0x0000, 0x0000, 0x0000, 0x0000, 0x0000, 0x0000, 0x0000, 0x0000, 0x0000, 0x0000, 0x0000, 0x0000, 0x0000, 0x0000,
};
 
const unsigned short Flame20[256] = {
 0x0000, 0x0000, 0x0000, 0x0000, 0x0000, 0x0000, 0x0000, 0x0000, 0x0000, 0x0000, 0x0000, 0x0000, 0x0000, 0x0000, 0x0000, 0x0000,
 0x0000, 0x0000, 0x0000, 0x0000, 0x0000, 0x0000, 0x0000, 0x0000, 0x0000, 0x0000, 0x0000, 0x0000, 0x0000, 0x0000, 0x0000, 0x0000,
 0x0000, 0x0000, 0x0000, 0x0000, 0x0000, 0x0000, 0x0000, 0x0000, 0x0000, 0x0000, 0x0000, 0x0000, 0x0156, 0x23FF, 0x0000, 0x0000,
 0x0000, 0x0000, 0x0000, 0x0000, 0x0000, 0x0000, 0x0000, 0x0000, 0x0000, 0x0156, 0x0156, 0x0156, 0x079F, 0x23FF, 0x23FF, 0x0000,
 0x0000, 0x0000, 0x0000, 0x0000, 0x0000, 0x0000, 0x0000, 0x0000, 0x0156, 0x23FF, 0x079F, 0x079F, 0x079F, 0x23FF, 0x0156, 0x0000,
 0x0000, 0x0000, 0x0000, 0x0000, 0x0000, 0x0000, 0x0000, 0x0156, 0x23FF, 0x079F, 0x079F, 0x079F, 0x079F, 0x0000, 0x0000, 0x0000,
 0x0000, 0x0000, 0x0000, 0x0000, 0x0000, 0x0000, 0x0156, 0x23FF, 0x079F, 0x079F, 0x079F, 0x079F, 0x079F, 0x0000, 0x0000, 0x0000,
 0x0000, 0x0000, 0x0000, 0x0000, 0x0000, 0x0000, 0x23FF, 0x23FF, 0x079F, 0x079F, 0x079F, 0x23FF, 0x0156, 0x0000, 0x0000, 0x0000,
 0x0000, 0x0000, 0x0000, 0x0000, 0x0000, 0x0156, 0x23FF, 0x23FF, 0x23FF, 0x23FF, 0x23FF, 0x0156, 0x0000, 0x0000, 0x0000, 0x0000,
 0x0000, 0x0000, 0x0000, 0x0000, 0x0000, 0x0000, 0x23FF, 0x23FF, 0x23FF, 0x23FF, 0x0156, 0x0000, 0x0000, 0x0000, 0x0000, 0x0000,
 0x0000, 0x0000, 0x0000, 0x0000, 0x0000, 0x0000, 0x0156, 0x0156, 0x23FF, 0x0156, 0x0000, 0x0000, 0x0000, 0x0000, 0x0000, 0x0000,
 0x0000, 0x0000, 0x0000, 0x0000, 0x0000, 0x0000, 0x0000, 0x0000, 0x0156, 0x0000, 0x0000, 0x0000, 0x0000, 0x0000, 0x0000, 0x0000,
 0x0000, 0x0000, 0x0000, 0x0000, 0x0000, 0x0000, 0x0000, 0x0000, 0x0000, 0x0000, 0x0000, 0x0000, 0x0000, 0x0000, 0x0000, 0x0000,
 0x0000, 0x0000, 0x0000, 0x0000, 0x0000, 0x0000, 0x0000, 0x0000, 0x0000, 0x0000, 0x0000, 0x0000, 0x0000, 0x0000, 0x0000, 0x0000,
 0x0000, 0x0000, 0x0000, 0x0000, 0x0000, 0x0000, 0x0000, 0x0000, 0x0000, 0x0000, 0x0000, 0x0000, 0x0000, 0x0000, 0x0000, 0x0000,
 0x0000, 0x0000, 0x0000, 0x0000, 0x0000, 0x0000, 0x0000, 0x0000, 0x0000, 0x0000, 0x0000, 0x0000, 0x0000, 0x0000, 0x0000, 0x0000,
};
 
const unsigned short Flame21[256] = {
 0x0000, 0x0000, 0x0000, 0x0000, 0x0000, 0x0000, 0x0000, 0x0000, 0x0000, 0x0000, 0x0000, 0x0000, 0x0000, 0x0000, 0x0000, 0x0000,
 0x0000, 0x0000, 0x0000, 0x0000, 0x0000, 0x0000, 0x0000, 0x0000, 0x0000, 0x0000, 0x0000, 0x0000, 0x0000, 0x0000, 0x0000, 0x0000,
 0x0000, 0x0000, 0x0000, 0x0000, 0x0000, 0x0000, 0x0000, 0x0000, 0x0000, 0x0000, 0x0000, 0x0000, 0x0000, 0x0000, 0x0000, 0x0000,
 0x0000, 0x0000, 0x0000, 0x0000, 0x0000, 0x0000, 0x0000, 0x0000, 0x0000, 0x0000, 0x0000, 0x0000, 0x0000, 0x0156, 0x23FF, 0x0000,
 0x0000, 0x0000, 0x0000, 0x0000, 0x0000, 0x0000, 0x0000, 0x0000, 0x0000, 0x0156, 0x23FF, 0x23FF, 0x23FF, 0x079F, 0x23FF, 0x0000,
 0x0000, 0x0000, 0x0000, 0x0000, 0x0000, 0x0000, 0x0000, 0x0000, 0x0156, 0x23FF, 0x079F, 0x079F, 0x079F, 0x079F, 0x23FF, 0x0156,
 0x0000, 0x0000, 0x0000, 0x0000, 0x0000, 0x0000, 0x0156, 0x23FF, 0x23FF, 0x079F, 0x079F, 0x079F, 0x079F, 0x0156, 0x0000, 0x0000,
 0x0000, 0x0000, 0x0000, 0x0000, 0x0000, 0x0156, 0x23FF, 0x23FF, 0x079F, 0x079F, 0x079F, 0x079F, 0x079F, 0x0156, 0x0000, 0x0000,
 0x0000, 0x0000, 0x0000, 0x0000, 0x0000, 0x0156, 0x23FF, 0x23FF, 0x079F, 0x079F, 0x079F, 0x23FF, 0x0156, 0x0000, 0x0000, 0x0000,
 0x0000, 0x0000, 0x0000, 0x0000, 0x0000, 0x0000, 0x23FF, 0x23FF, 0x23FF, 0x23FF, 0x23FF, 0x0000, 0x0000, 0x0000, 0x0000, 0x0000,
 0x0000, 0x0000, 0x0000, 0x0000, 0x0000, 0x0000, 0x0000, 0x0156, 0x23FF, 0x0156, 0x0000, 0x0000, 0x0000, 0x0000, 0x0000, 0x0000,
 0x0000, 0x0000, 0x0000, 0x0000, 0x0000, 0x0000, 0x0000, 0x0156, 0x0000, 0x0000, 0x0000, 0x0000, 0x0000, 0x0000, 0x0000, 0x0000,
 0x0000, 0x0000, 0x0000, 0x0000, 0x0000, 0x0000, 0x0000, 0x0000, 0x0000, 0x0000, 0x0000, 0x0000, 0x0000, 0x0000, 0x0000, 0x0000,
 0x0000, 0x0000, 0x0000, 0x0000, 0x0000, 0x0000, 0x0000, 0x0000, 0x0000, 0x0000, 0x0000, 0x0000, 0x0000, 0x0000, 0x0000, 0x0000,
 0x0000, 0x0000, 0x0000, 0x0000, 0x0000, 0x0000, 0x0000, 0x0000, 0x0000, 0x0000, 0x0000, 0x0000, 0x0000, 0x0000, 0x0000, 0x0000,
 0x0000, 0x0000, 0x0000, 0x0000, 0x0000, 0x0000, 0x0000, 0x0000, 0x0000, 0x0000, 0x0000, 0x0000, 0x0000, 0x0000, 0x0000, 0x0000,
};
 
const unsigned short Flame22[256] = {
 0x0000, 0x0000, 0x0000, 0x0000, 0x0000, 0x0000, 0x0000, 0x0000, 0x0000, 0x0000, 0x0000, 0x0000, 0x0000, 0x0000, 0x0000, 0x0000,
 0x0000, 0x0000, 0x0000, 0x0000, 0x0000, 0x0000, 0x0000, 0x0000, 0x0000, 0x0000, 0x0000, 0x0000, 0x0000, 0x0000, 0x0000, 0x0000,
 0x0000, 0x0000, 0x0000, 0x0000, 0x0000, 0x0000, 0x0000, 0x0000, 0x0000, 0x0000, 0x0000, 0x0000, 0x0000, 0x0000, 0x0000, 0x0000,
 0x0000, 0x0000, 0x0000, 0x0000, 0x0000, 0x0000, 0x0000, 0x0000, 0x0000, 0x0000, 0x0000, 0x0000, 0x0000, 0x0000, 0x0000, 0x0000,
 0x0000, 0x0000, 0x0000, 0x0000, 0x0000, 0x0000, 0x0000, 0x0000, 0x0000, 0x0000, 0x0000, 0x0156, 0x0000, 0x0156, 0x0156, 0x0000,
 0x0000, 0x0000, 0x0000, 0x0000, 0x0000, 0x0000, 0x0000, 0x0000, 0x0156, 0x0156, 0x23FF, 0x079F, 0x23FF, 0x23FF, 0x23FF, 0x23FF,
 0x0000, 0x0000, 0x0000, 0x0000, 0x0000, 0x0000, 0x0156, 0x23FF, 0x23FF, 0x079F, 0x079F, 0x079F, 0x079F, 0x079F, 0x079F, 0x23FF,
 0x0000, 0x0000, 0x0000, 0x0000, 0x0000, 0x0156, 0x23FF, 0x23FF, 0x23FF, 0x079F, 0x079F, 0x079F, 0x079F, 0x23FF, 0x0156, 0x0000,
 0x0000, 0x0000, 0x0000, 0x0000, 0x0000, 0x0000, 0x23FF, 0x23FF, 0x079F, 0x079F, 0x079F, 0x079F, 0x079F, 0x0156, 0x0000, 0x0000,
 0x0000, 0x0000, 0x0000, 0x0000, 0x0000, 0x0156, 0x23FF, 0x23FF, 0x23FF, 0x23FF, 0x23FF, 0x0156, 0x0156, 0x0000, 0x0000, 0x0000,
 0x0000, 0x0000, 0x0000, 0x0000, 0x0000, 0x0000, 0x0000, 0x23FF, 0x23FF, 0x0156, 0x0000, 0x0000, 0x0000, 0x0000, 0x0000, 0x0000,
 0x0000, 0x0000, 0x0000, 0x0000, 0x0000, 0x0000, 0x0156, 0x0000, 0x0000, 0x0000, 0x0000, 0x0000, 0x0000, 0x0000, 0x0000, 0x0000,
 0x0000, 0x0000, 0x0000, 0x0000, 0x0000, 0x0000, 0x0000, 0x0000, 0x0000, 0x0000, 0x0000, 0x0000, 0x0000, 0x0000, 0x0000, 0x0000,
 0x0000, 0x0000, 0x0000, 0x0000, 0x0000, 0x0000, 0x0000, 0x0000, 0x0000, 0x0000, 0x0000, 0x0000, 0x0000, 0x0000, 0x0000, 0x0000,
 0x0000, 0x0000, 0x0000, 0x0000, 0x0000, 0x0000, 0x0000, 0x0000, 0x0000, 0x0000, 0x0000, 0x0000, 0x0000, 0x0000, 0x0000, 0x0000,
 0x0000, 0x0000, 0x0000, 0x0000, 0x0000, 0x0000, 0x0000, 0x0000, 0x0000, 0x0000, 0x0000, 0x0000, 0x0000, 0x0000, 0x0000, 0x0000,
};
 
const unsigned short Flame23[256] = {
 0x0000, 0x0000, 0x0000, 0x0000, 0x0000, 0x0000, 0x0000, 0x0000, 0x0000, 0x0000, 0x0000, 0x0000, 0x0000, 0x0000, 0x0000, 0x0000,
 0x0000, 0x0000, 0x0000, 0x0000, 0x0000, 0x0000, 0x0000, 0x0000, 0x0000, 0x0000, 0x0000, 0x0000, 0x0000, 0x0000, 0x0000, 0x0000,
 0x0000, 0x0000, 0x0000, 0x0000, 0x0000, 0x0000, 0x0000, 0x0000, 0x0000, 0x0000, 0x0000, 0x0000, 0x0000, 0x0000, 0x0000, 0x0000,
 0x0000, 0x0000, 0x0000, 0x0000, 0x0000, 0x0000, 0x0000, 0x0000, 0x0000, 0x0000, 0x0000, 0x0000, 0x0000, 0x0000, 0x0000, 0x0000,
 0x0000, 0x0000, 0x0000, 0x0000, 0x0000, 0x0000, 0x0000, 0x0000, 0x0000, 0x0000, 0x0000, 0x0000, 0x0000, 0x0000, 0x0000, 0x0000,
 0x0000, 0x0000, 0x0000, 0x0000, 0x0000, 0x0000, 0x0000, 0x0000, 0x0000, 0x0000, 0x0156, 0x0156, 0x0156, 0x0000, 0x0000, 0x0156,
 0x0000, 0x0000, 0x0000, 0x0000, 0x0000, 0x0156, 0x0156, 0x23FF, 0x23FF, 0x23FF, 0x079F, 0x079F, 0x079F, 0x23FF, 0x23FF, 0x23FF,
 0x0000, 0x0000, 0x0000, 0x0000, 0x0000, 0x0156, 0x23FF, 0x23FF, 0x23FF, 0x079F, 0x079F, 0x079F, 0x079F, 0x079F, 0x079F, 0x23FF,
 0x0000, 0x0000, 0x0000, 0x0000, 0x0000, 0x0156, 0x23FF, 0x23FF, 0x079F, 0x079F, 0x079F, 0x079F, 0x079F, 0x23FF, 0x0156, 0x0156,
 0x0000, 0x0000, 0x0000, 0x0000, 0x0000, 0x0156, 0x23FF, 0x23FF, 0x23FF, 0x23FF, 0x079F, 0x23FF, 0x23FF, 0x0156, 0x0000, 0x0000,
 0x0000, 0x0000, 0x0000, 0x0000, 0x0000, 0x0000, 0x0156, 0x23FF, 0x23FF, 0x0156, 0x0156, 0x0156, 0x0000, 0x0000, 0x0000, 0x0000,
 0x0000, 0x0000, 0x0000, 0x0000, 0x0000, 0x0000, 0x0000, 0x0000, 0x0000, 0x0000, 0x0000, 0x0000, 0x0000, 0x0000, 0x0000, 0x0000,
 0x0000, 0x0000, 0x0000, 0x0000, 0x0000, 0x0000, 0x0000, 0x0000, 0x0000, 0x0000, 0x0000, 0x0000, 0x0000, 0x0000, 0x0000, 0x0000,
 0x0000, 0x0000, 0x0000, 0x0000, 0x0000, 0x0000, 0x0000, 0x0000, 0x0000, 0x0000, 0x0000, 0x0000, 0x0000, 0x0000, 0x0000, 0x0000,
 0x0000, 0x0000, 0x0000, 0x0000, 0x0000, 0x0000, 0x0000, 0x0000, 0x0000, 0x0000, 0x0000, 0x0000, 0x0000, 0x0000, 0x0000, 0x0000,
 0x0000, 0x0000, 0x0000, 0x0000, 0x0000, 0x0000, 0x0000, 0x0000, 0x0000, 0x0000, 0x0000, 0x0000, 0x0000, 0x0000, 0x0000, 0x0000,
};
 
const unsigned short Flame24[256] = {
 0x0000, 0x0000, 0x0000, 0x0000, 0x0000, 0x0000, 0x0000, 0x0000, 0x0000, 0x0000, 0x0000, 0x0000, 0x0000, 0x0000, 0x0000, 0x0000,
 0x0000, 0x0000, 0x0000, 0x0000, 0x0000, 0x0000, 0x0000, 0x0000, 0x0000, 0x0000, 0x0000, 0x0000, 0x0000, 0x0000, 0x0000, 0x0000,
 0x0000, 0x0000, 0x0000, 0x0000, 0x0000, 0x0000, 0x0000, 0x0000, 0x0000, 0x0000, 0x0000, 0x0000, 0x0000, 0x0000, 0x0000, 0x0000,
 0x0000, 0x0000, 0x0000, 0x0000, 0x0000, 0x0000, 0x0000, 0x0000, 0x0000, 0x0000, 0x0000, 0x0000, 0x0000, 0x0000, 0x0000, 0x0000,
 0x0000, 0x0000, 0x0000, 0x0000, 0x0000, 0x0000, 0x0000, 0x0000, 0x0000, 0x0000, 0x0000, 0x0000, 0x0000, 0x0000, 0x0000, 0x0000,
 0x0000, 0x0000, 0x0000, 0x0000, 0x0000, 0x0000, 0x0000, 0x0000, 0x0000, 0x0000, 0x0000, 0x0000, 0x0000, 0x0000, 0x0000, 0x0000,
 0x0000, 0x0000, 0x0000, 0x0000, 0x0000, 0x0156, 0x0156, 0x23FF, 0x23FF, 0x23FF, 0x23FF, 0x23FF, 0x23FF, 0x0000, 0x0000, 0x0000,
 0x0000, 0x0000, 0x0000, 0x0000, 0x0000, 0x0000, 0x23FF, 0x23FF, 0x23FF, 0x079F, 0x079F, 0x079F, 0x079F, 0x23FF, 0x23FF, 0x23FF,
 0x0000, 0x0000, 0x0000, 0x0000, 0x0000, 0x23FF, 0x23FF, 0x23FF, 0x079F, 0x079F, 0x079F, 0x079F, 0x079F, 0x079F, 0x079F, 0x23FF,
 0x0000, 0x0000, 0x0000, 0x0000, 0x0000, 0x0000, 0x23FF, 0x23FF, 0x23FF, 0x079F, 0x079F, 0x079F, 0x079F, 0x23FF, 0x23FF, 0x23FF,
 0x0000, 0x0000, 0x0000, 0x0000, 0x0000, 0x0156, 0x0156, 0x23FF, 0x23FF, 0x23FF, 0x23FF, 0x23FF, 0x23FF, 0x0000, 0x0000, 0x0000,
 0x0000, 0x0000, 0x0000, 0x0000, 0x0000, 0x0000, 0x0000, 0x0000, 0x0000, 0x0000, 0x0000, 0x0000, 0x0000, 0x0000, 0x0000, 0x0000,
 0x0000, 0x0000, 0x0000, 0x0000, 0x0000, 0x0000, 0x0000, 0x0000, 0x0000, 0x0000, 0x0000, 0x0000, 0x0000, 0x0000, 0x0000, 0x0000,
 0x0000, 0x0000, 0x0000, 0x0000, 0x0000, 0x0000, 0x0000, 0x0000, 0x0000, 0x0000, 0x0000, 0x0000, 0x0000, 0x0000, 0x0000, 0x0000,
 0x0000, 0x0000, 0x0000, 0x0000, 0x0000, 0x0000, 0x0000, 0x0000, 0x0000, 0x0000, 0x0000, 0x0000, 0x0000, 0x0000, 0x0000, 0x0000,
 0x0000, 0x0000, 0x0000, 0x0000, 0x0000, 0x0000, 0x0000, 0x0000, 0x0000, 0x0000, 0x0000, 0x0000, 0x0000, 0x0000, 0x0000, 0x0000,
};
 
const unsigned short Flame25[256] = {
 0x0000, 0x0000, 0x0000, 0x0000, 0x0000, 0x0000, 0x0000, 0x0000, 0x0000, 0x0000, 0x0000, 0x0000, 0x0000, 0x0000, 0x0000, 0x0000,
 0x0000, 0x0000, 0x0000, 0x0000, 0x0000, 0x0000, 0x0000, 0x0000, 0x0000, 0x0000, 0x0000, 0x0000, 0x0000, 0x0000, 0x0000, 0x0000,
 0x0000, 0x0000, 0x0000, 0x0000, 0x0000, 0x0000, 0x0000, 0x0000, 0x0000, 0x0000, 0x0000, 0x0000, 0x0000, 0x0000, 0x0000, 0x0000,
 0x0000, 0x0000, 0x0000, 0x0000, 0x0000, 0x0000, 0x0000, 0x0000, 0x0000, 0x0000, 0x0000, 0x0000, 0x0000, 0x0000, 0x0000, 0x0000,
 0x0000, 0x0000, 0x0000, 0x0000, 0x0000, 0x0000, 0x0000, 0x0000, 0x0000, 0x0000, 0x0000, 0x0000, 0x0000, 0x0000, 0x0000, 0x0000,
 0x0000, 0x0000, 0x0000, 0x0000, 0x0000, 0x0000, 0x0000, 0x0000, 0x0000, 0x0000, 0x0000, 0x0000, 0x0000, 0x0000, 0x0000, 0x0000,
 0x0000, 0x0000, 0x0000, 0x0000, 0x0000, 0x0000, 0x0156, 0x23FF, 0x23FF, 0x0156, 0x0156, 0x0000, 0x0000, 0x0000, 0x0000, 0x0000,
 0x0000, 0x0000, 0x0000, 0x0000, 0x0000, 0x0156, 0x23FF, 0x23FF, 0x23FF, 0x079F, 0x079F, 0x23FF, 0x23FF, 0x0000, 0x0000, 0x0000,
 0x0000, 0x0000, 0x0000, 0x0000, 0x0000, 0x0156, 0x23FF, 0x23FF, 0x079F, 0x079F, 0x079F, 0x079F, 0x079F, 0x23FF, 0x0156, 0x0156,
 0x0000, 0x0000, 0x0000, 0x0000, 0x0000, 0x0156, 0x23FF, 0x23FF, 0x23FF, 0x079F, 0x079F, 0x079F, 0x079F, 0x079F, 0x079F, 0x23FF,
 0x0000, 0x0000, 0x0000, 0x0000, 0x0000, 0x0156, 0x0156, 0x23FF, 0x23FF, 0x079F, 0x079F, 0x079F, 0x23FF, 0x23FF, 0x23FF, 0x23FF,
 0x0000, 0x0000, 0x0000, 0x0000, 0x0000, 0x0000, 0x0000, 0x0000, 0x0000, 0x0156, 0x0156, 0x23FF, 0x0156, 0x0000, 0x0000, 0x0000,
 0x0000, 0x0000, 0x0000, 0x0000, 0x0000, 0x0000, 0x0000, 0x0000, 0x0000, 0x0000, 0x0000, 0x0000, 0x0000, 0x0000, 0x0000, 0x0000,
 0x0000, 0x0000, 0x0000, 0x0000, 0x0000, 0x0000, 0x0000, 0x0000, 0x0000, 0x0000, 0x0000, 0x0000, 0x0000, 0x0000, 0x0000, 0x0000,
 0x0000, 0x0000, 0x0000, 0x0000, 0x0000, 0x0000, 0x0000, 0x0000, 0x0000, 0x0000, 0x0000, 0x0000, 0x0000, 0x0000, 0x0000, 0x0000,
 0x0000, 0x0000, 0x0000, 0x0000, 0x0000, 0x0000, 0x0000, 0x0000, 0x0000, 0x0000, 0x0000, 0x0000, 0x0000, 0x0000, 0x0000, 0x0000,
};
 
const unsigned short Flame26[256] = {
 0x0000, 0x0000, 0x0000, 0x0000, 0x0000, 0x0000, 0x0000, 0x0000, 0x0000, 0x0000, 0x0000, 0x0000, 0x0000, 0x0000, 0x0000, 0x0000,
 0x0000, 0x0000, 0x0000, 0x0000, 0x0000, 0x0000, 0x0000, 0x0000, 0x0000, 0x0000, 0x0000, 0x0000, 0x0000, 0x0000, 0x0000, 0x0000,
 0x0000, 0x0000, 0x0000, 0x0000, 0x0000, 0x0000, 0x0000, 0x0000, 0x0000, 0x0000, 0x0000, 0x0000, 0x0000, 0x0000, 0x0000, 0x0000,
 0x0000, 0x0000, 0x0000, 0x0000, 0x0000, 0x0000, 0x0000, 0x0000, 0x0000, 0x0000, 0x0000, 0x0000, 0x0000, 0x0000, 0x0000, 0x0000,
 0x0000, 0x0000, 0x0000, 0x0000, 0x0000, 0x0000, 0x0000, 0x0000, 0x0000, 0x0000, 0x0000, 0x0000, 0x0000, 0x0000, 0x0000, 0x0000,
 0x0000, 0x0000, 0x0000, 0x0000, 0x0000, 0x0000, 0x0156, 0x0000, 0x0000, 0x0000, 0x0000, 0x0000, 0x0000, 0x0000, 0x0000, 0x0000,
 0x0000, 0x0000, 0x0000, 0x0000, 0x0000, 0x0000, 0x0156, 0x23FF, 0x23FF, 0x0156, 0x0000, 0x0000, 0x0000, 0x0000, 0x0000, 0x0000,
 0x0000, 0x0000, 0x0000, 0x0000, 0x0000, 0x23FF, 0x23FF, 0x23FF, 0x23FF, 0x23FF, 0x23FF, 0x0156, 0x0156, 0x0000, 0x0000, 0x0000,
 0x0000, 0x0000, 0x0000, 0x0000, 0x0000, 0x0156, 0x23FF, 0x23FF, 0x079F, 0x079F, 0x079F, 0x079F, 0x23FF, 0x0000, 0x0000, 0x0000,
 0x0000, 0x0000, 0x0000, 0x0000, 0x0156, 0x0156, 0x23FF, 0x23FF, 0x079F, 0x079F, 0x079F, 0x079F, 0x079F, 0x0156, 0x0156, 0x0000,
 0x0000, 0x0000, 0x0000, 0x0000, 0x0000, 0x0000, 0x0156, 0x23FF, 0x23FF, 0x079F, 0x079F, 0x079F, 0x079F, 0x079F, 0x23FF, 0x23FF,
 0x0000, 0x0000, 0x0000, 0x0000, 0x0000, 0x0000, 0x0000, 0x0000, 0x0156, 0x23FF, 0x23FF, 0x079F, 0x23FF, 0x079F, 0x23FF, 0x0000,
 0x0000, 0x0000, 0x0000, 0x0000, 0x0000, 0x0000, 0x0000, 0x0000, 0x0000, 0x0000, 0x0000, 0x0000, 0x0000, 0x0156, 0x23FF, 0x0000,
 0x0000, 0x0000, 0x0000, 0x0000, 0x0000, 0x0000, 0x0000, 0x0000, 0x0000, 0x0000, 0x0000, 0x0000, 0x0000, 0x0000, 0x0000, 0x0000,
 0x0000, 0x0000, 0x0000, 0x0000, 0x0000, 0x0000, 0x0000, 0x0000, 0x0000, 0x0000, 0x0000, 0x0000, 0x0000, 0x0000, 0x0000, 0x0000,
 0x0000, 0x0000, 0x0000, 0x0000, 0x0000, 0x0000, 0x0000, 0x0000, 0x0000, 0x0000, 0x0000, 0x0000, 0x0000, 0x0000, 0x0000, 0x0000,
};
 
const unsigned short Flame27[256] = {
 0x0000, 0x0000, 0x0000, 0x0000, 0x0000, 0x0000, 0x0000, 0x0000, 0x0000, 0x0000, 0x0000, 0x0000, 0x0000, 0x0000, 0x0000, 0x0000,
 0x0000, 0x0000, 0x0000, 0x0000, 0x0000, 0x0000, 0x0000, 0x0000, 0x0000, 0x0000, 0x0000, 0x0000, 0x0000, 0x0000, 0x0000, 0x0000,
 0x0000, 0x0000, 0x0000, 0x0000, 0x0000, 0x0000, 0x0000, 0x0000, 0x0000, 0x0000, 0x0000, 0x0000, 0x0000, 0x0000, 0x0000, 0x0000,
 0x0000, 0x0000, 0x0000, 0x0000, 0x0000, 0x0000, 0x0000, 0x0000, 0x0000, 0x0000, 0x0000, 0x0000, 0x0000, 0x0000, 0x0000, 0x0000,
 0x0000, 0x0000, 0x0000, 0x0000, 0x0000, 0x0000, 0x0000, 0x0000, 0x0000, 0x0000, 0x0000, 0x0000, 0x0000, 0x0000, 0x0000, 0x0000,
 0x0000, 0x0000, 0x0000, 0x0000, 0x0000, 0x0000, 0x0156, 0x0156, 0x0000, 0x0000, 0x0000, 0x0000, 0x0000, 0x0000, 0x0000, 0x0000,
 0x0000, 0x0000, 0x0000, 0x0000, 0x0000, 0x0156, 0x0156, 0x23FF, 0x23FF, 0x0156, 0x0000, 0x0000, 0x0000, 0x0000, 0x0000, 0x0000,
 0x0000, 0x0000, 0x0000, 0x0000, 0x0000, 0x0156, 0x23FF, 0x23FF, 0x23FF, 0x23FF, 0x0156, 0x0000, 0x0000, 0x0000, 0x0000, 0x0000,
 0x0000, 0x0000, 0x0000, 0x0000, 0x0156, 0x0156, 0x23FF, 0x23FF, 0x079F, 0x079F, 0x079F, 0x23FF, 0x0156, 0x0000, 0x0000, 0x0000,
 0x0000, 0x0000, 0x0000, 0x0000, 0x0000, 0x0156, 0x23FF, 0x23FF, 0x079F, 0x079F, 0x079F, 0x079F, 0x23FF, 0x0000, 0x0000, 0x0000,
 0x0000, 0x0000, 0x0000, 0x0000, 0x0000, 0x0000, 0x0156, 0x23FF, 0x079F, 0x079F, 0x079F, 0x079F, 0x23FF, 0x0156, 0x0000, 0x0000,
 0x0000, 0x0000, 0x0000, 0x0000, 0x0000, 0x0000, 0x0000, 0x0000, 0x23FF, 0x079F, 0x079F, 0x079F, 0x079F, 0x079F, 0x0156, 0x0000,
 0x0000, 0x0000, 0x0000, 0x0000, 0x0000, 0x0000, 0x0000, 0x0000, 0x0000, 0x0156, 0x23FF, 0x0156, 0x23FF, 0x23FF, 0x23FF, 0x0000,
 0x0000, 0x0000, 0x0000, 0x0000, 0x0000, 0x0000, 0x0000, 0x0000, 0x0000, 0x0000, 0x0000, 0x0000, 0x0156, 0x23FF, 0x0000, 0x0000,
 0x0000, 0x0000, 0x0000, 0x0000, 0x0000, 0x0000, 0x0000, 0x0000, 0x0000, 0x0000, 0x0000, 0x0000, 0x0000, 0x0000, 0x0000, 0x0000,
 0x0000, 0x0000, 0x0000, 0x0000, 0x0000, 0x0000, 0x0000, 0x0000, 0x0000, 0x0000, 0x0000, 0x0000, 0x0000, 0x0000, 0x0000, 0x0000,
};
 
const unsigned short Flame28[256] = {
 0x0000, 0x0000, 0x0000, 0x0000, 0x0000, 0x0000, 0x0000, 0x0000, 0x0000, 0x0000, 0x0000, 0x0000, 0x0000, 0x0000, 0x0000, 0x0000,
 0x0000, 0x0000, 0x0000, 0x0000, 0x0000, 0x0000, 0x0000, 0x0000, 0x0000, 0x0000, 0x0000, 0x0000, 0x0000, 0x0000, 0x0000, 0x0000,
 0x0000, 0x0000, 0x0000, 0x0000, 0x0000, 0x0000, 0x0000, 0x0000, 0x0000, 0x0000, 0x0000, 0x0000, 0x0000, 0x0000, 0x0000, 0x0000,
 0x0000, 0x0000, 0x0000, 0x0000, 0x0000, 0x0000, 0x0000, 0x0000, 0x0000, 0x0000, 0x0000, 0x0000, 0x0000, 0x0000, 0x0000, 0x0000,
 0x0000, 0x0000, 0x0000, 0x0000, 0x0000, 0x0000, 0x0000, 0x0000, 0x0000, 0x0000, 0x0000, 0x0000, 0x0000, 0x0000, 0x0000, 0x0000,
 0x0000, 0x0000, 0x0000, 0x0000, 0x0000, 0x0000, 0x0000, 0x0156, 0x0000, 0x0000, 0x0000, 0x0000, 0x0000, 0x0000, 0x0000, 0x0000,
 0x0000, 0x0000, 0x0000, 0x0000, 0x0000, 0x0156, 0x23FF, 0x23FF, 0x23FF, 0x0156, 0x0000, 0x0000, 0x0000, 0x0000, 0x0000, 0x0000,
 0x0000, 0x0000, 0x0000, 0x0000, 0x0000, 0x0156, 0x23FF, 0x23FF, 0x23FF, 0x23FF, 0x0156, 0x0000, 0x0000, 0x0000, 0x0000, 0x0000,
 0x0000, 0x0000, 0x0000, 0x0000, 0x0156, 0x23FF, 0x23FF, 0x23FF, 0x079F, 0x079F, 0x23FF, 0x0156, 0x0000, 0x0000, 0x0000, 0x0000,
 0x0000, 0x0000, 0x0000, 0x0000, 0x0000, 0x0156, 0x23FF, 0x23FF, 0x079F, 0x079F, 0x079F, 0x23FF, 0x0156, 0x0000, 0x0000, 0x0000,
 0x0000, 0x0000, 0x0000, 0x0000, 0x0000, 0x0000, 0x0156, 0x23FF, 0x079F, 0x079F, 0x079F, 0x079F, 0x0156, 0x0000, 0x0000, 0x0000,
 0x0000, 0x0000, 0x0000, 0x0000, 0x0000, 0x0000, 0x0000, 0x0156, 0x23FF, 0x079F, 0x079F, 0x079F, 0x0156, 0x0000, 0x0000, 0x0000,
 0x0000, 0x0000, 0x0000, 0x0000, 0x0000, 0x0000, 0x0000, 0x0000, 0x0156, 0x079F, 0x079F, 0x079F, 0x079F, 0x0156, 0x0000, 0x0000,
 0x0000, 0x0000, 0x0000, 0x0000, 0x0000, 0x0000, 0x0000, 0x0000, 0x0000, 0x0000, 0x0000, 0x23FF, 0x23FF, 0x23FF, 0x0000, 0x0000,
 0x0000, 0x0000, 0x0000, 0x0000, 0x0000, 0x0000, 0x0000, 0x0000, 0x0000, 0x0000, 0x0000, 0x0156, 0x23FF, 0x0000, 0x0000, 0x0000,
 0x0000, 0x0000, 0x0000, 0x0000, 0x0000, 0x0000, 0x0000, 0x0000, 0x0000, 0x0000, 0x0000, 0x0000, 0x0000, 0x0000, 0x0000, 0x0000,
};
 
const unsigned short Flame29[256] = {
 0x0000, 0x0000, 0x0000, 0x0000, 0x0000, 0x0000, 0x0000, 0x0000, 0x0000, 0x0000, 0x0000, 0x0000, 0x0000, 0x0000, 0x0000, 0x0000,
 0x0000, 0x0000, 0x0000, 0x0000, 0x0000, 0x0000, 0x0000, 0x0000, 0x0000, 0x0000, 0x0000, 0x0000, 0x0000, 0x0000, 0x0000, 0x0000,
 0x0000, 0x0000, 0x0000, 0x0000, 0x0000, 0x0000, 0x0000, 0x0000, 0x0000, 0x0000, 0x0000, 0x0000, 0x0000, 0x0000, 0x0000, 0x0000,
 0x0000, 0x0000, 0x0000, 0x0000, 0x0000, 0x0000, 0x0000, 0x0000, 0x0000, 0x0000, 0x0000, 0x0000, 0x0000, 0x0000, 0x0000, 0x0000,
 0x0000, 0x0000, 0x0000, 0x0000, 0x0000, 0x0000, 0x0000, 0x0000, 0x0000, 0x0000, 0x0000, 0x0000, 0x0000, 0x0000, 0x0000, 0x0000,
 0x0000, 0x0000, 0x0000, 0x0000, 0x0000, 0x0000, 0x0000, 0x0156, 0x0156, 0x0000, 0x0000, 0x0000, 0x0000, 0x0000, 0x0000, 0x0000,
 0x0000, 0x0000, 0x0000, 0x0000, 0x0000, 0x0000, 0x23FF, 0x23FF, 0x23FF, 0x0156, 0x0000, 0x0000, 0x0000, 0x0000, 0x0000, 0x0000,
 0x0000, 0x0000, 0x0000, 0x0000, 0x0156, 0x0156, 0x23FF, 0x23FF, 0x23FF, 0x23FF, 0x0000, 0x0000, 0x0000, 0x0000, 0x0000, 0x0000,
 0x0000, 0x0000, 0x0000, 0x0000, 0x0000, 0x23FF, 0x23FF, 0x079F, 0x079F, 0x23FF, 0x0156, 0x0000, 0x0000, 0x0000, 0x0000, 0x0000,
 0x0000, 0x0000, 0x0000, 0x0000, 0x0000, 0x0156, 0x23FF, 0x079F, 0x079F, 0x079F, 0x23FF, 0x0156, 0x0000, 0x0000, 0x0000, 0x0000,
 0x0000, 0x0000, 0x0000, 0x0000, 0x0000, 0x0000, 0x23FF, 0x079F, 0x079F, 0x079F, 0x079F, 0x23FF, 0x0000, 0x0000, 0x0000, 0x0000,
 0x0000, 0x0000, 0x0000, 0x0000, 0x0000, 0x0000, 0x0000, 0x23FF, 0x079F, 0x079F, 0x079F, 0x23FF, 0x0000, 0x0000, 0x0000, 0x0000,
 0x0000, 0x0000, 0x0000, 0x0000, 0x0000, 0x0000, 0x0000, 0x0156, 0x079F, 0x079F, 0x079F, 0x23FF, 0x0000, 0x0000, 0x0000, 0x0000,
 0x0000, 0x0000, 0x0000, 0x0000, 0x0000, 0x0000, 0x0000, 0x0000, 0x0156, 0x0156, 0x079F, 0x079F, 0x0156, 0x0000, 0x0000, 0x0000,
 0x0000, 0x0000, 0x0000, 0x0000, 0x0000, 0x0000, 0x0000, 0x0000, 0x0000, 0x0000, 0x23FF, 0x23FF, 0x23FF, 0x0000, 0x0000, 0x0000,
 0x0000, 0x0000, 0x0000, 0x0000, 0x0000, 0x0000, 0x0000, 0x0000, 0x0000, 0x0000, 0x0156, 0x0000, 0x0000, 0x0000, 0x0000, 0x0000,
};
 
const unsigned short Flame30[256] = {
 0x0000, 0x0000, 0x0000, 0x0000, 0x0000, 0x0000, 0x0000, 0x0000, 0x0000, 0x0000, 0x0000, 0x0000, 0x0000, 0x0000, 0x0000, 0x0000,
 0x0000, 0x0000, 0x0000, 0x0000, 0x0000, 0x0000, 0x0000, 0x0000, 0x0000, 0x0000, 0x0000, 0x0000, 0x0000, 0x0000, 0x0000, 0x0000,
 0x0000, 0x0000, 0x0000, 0x0000, 0x0000, 0x0000, 0x0000, 0x0000, 0x0000, 0x0000, 0x0000, 0x0000, 0x0000, 0x0000, 0x0000, 0x0000,
 0x0000, 0x0000, 0x0000, 0x0000, 0x0000, 0x0000, 0x0000, 0x0000, 0x0000, 0x0000, 0x0000, 0x0000, 0x0000, 0x0000, 0x0000, 0x0000,
 0x0000, 0x0000, 0x0000, 0x0000, 0x0000, 0x0000, 0x0000, 0x0000, 0x0000, 0x0000, 0x0000, 0x0000, 0x0000, 0x0000, 0x0000, 0x0000,
 0x0000, 0x0000, 0x0000, 0x0000, 0x0000, 0x0000, 0x0156, 0x0000, 0x0156, 0x0000, 0x0000, 0x0000, 0x0000, 0x0000, 0x0000, 0x0000,
 0x0000, 0x0000, 0x0000, 0x0000, 0x0156, 0x0000, 0x23FF, 0x23FF, 0x23FF, 0x0156, 0x0000, 0x0000, 0x0000, 0x0000, 0x0000, 0x0000,
 0x0000, 0x0000, 0x0000, 0x0000, 0x0000, 0x23FF, 0x23FF, 0x23FF, 0x23FF, 0x23FF, 0x0000, 0x0000, 0x0000, 0x0000, 0x0000, 0x0000,
 0x0000, 0x0000, 0x0000, 0x0000, 0x0000, 0x23FF, 0x23FF, 0x079F, 0x23FF, 0x23FF, 0x0156, 0x0000, 0x0000, 0x0000, 0x0000, 0x0000,
 0x0000, 0x0000, 0x0000, 0x0000, 0x0000, 0x0156, 0x23FF, 0x079F, 0x079F, 0x079F, 0x0156, 0x0000, 0x0000, 0x0000, 0x0000, 0x0000,
 0x0000, 0x0000, 0x0000, 0x0000, 0x0000, 0x0000, 0x23FF, 0x079F, 0x079F, 0x079F, 0x23FF, 0x0000, 0x0000, 0x0000, 0x0000, 0x0000,
 0x0000, 0x0000, 0x0000, 0x0000, 0x0000, 0x0000, 0x0156, 0x079F, 0x079F, 0x079F, 0x079F, 0x0156, 0x0000, 0x0000, 0x0000, 0x0000,
 0x0000, 0x0000, 0x0000, 0x0000, 0x0000, 0x0000, 0x0156, 0x079F, 0x079F, 0x079F, 0x23FF, 0x0000, 0x0000, 0x0000, 0x0000, 0x0000,
 0x0000, 0x0000, 0x0000, 0x0000, 0x0000, 0x0000, 0x0000, 0x0156, 0x23FF, 0x079F, 0x23FF, 0x0156, 0x0000, 0x0000, 0x0000, 0x0000,
 0x0000, 0x0000, 0x0000, 0x0000, 0x0000, 0x0000, 0x0000, 0x0000, 0x0156, 0x079F, 0x23FF, 0x0156, 0x0000, 0x0000, 0x0000, 0x0000,
 0x0000, 0x0000, 0x0000, 0x0000, 0x0000, 0x0000, 0x0000, 0x0000, 0x0000, 0x23FF, 0x23FF, 0x0000, 0x0000, 0x0000, 0x0000, 0x0000,
};
 
const unsigned short Flame31[256] = {
 0x0000, 0x0000, 0x0000, 0x0000, 0x0000, 0x0000, 0x0000, 0x0000, 0x0000, 0x0000, 0x0000, 0x0000, 0x0000, 0x0000, 0x0000, 0x0000,
 0x0000, 0x0000, 0x0000, 0x0000, 0x0000, 0x0000, 0x0000, 0x0000, 0x0000, 0x0000, 0x0000, 0x0000, 0x0000, 0x0000, 0x0000, 0x0000,
 0x0000, 0x0000, 0x0000, 0x0000, 0x0000, 0x0000, 0x0000, 0x0000, 0x0000, 0x0000, 0x0000, 0x0000, 0x0000, 0x0000, 0x0000, 0x0000,
 0x0000, 0x0000, 0x0000, 0x0000, 0x0000, 0x0000, 0x0000, 0x0000, 0x0000, 0x0000, 0x0000, 0x0000, 0x0000, 0x0000, 0x0000, 0x0000,
 0x0000, 0x0000, 0x0000, 0x0000, 0x0000, 0x0000, 0x0000, 0x0000, 0x0000, 0x0000, 0x0000, 0x0000, 0x0000, 0x0000, 0x0000, 0x0000,
 0x0000, 0x0000, 0x0000, 0x0000, 0x0000, 0x0000, 0x0156, 0x0156, 0x0156, 0x0156, 0x0000, 0x0000, 0x0000, 0x0000, 0x0000, 0x0000,
 0x0000, 0x0000, 0x0000, 0x0000, 0x0000, 0x0156, 0x23FF, 0x23FF, 0x23FF, 0x0156, 0x0000, 0x0000, 0x0000, 0x0000, 0x0000, 0x0000,
 0x0000, 0x0000, 0x0000, 0x0000, 0x0000, 0x23FF, 0x23FF, 0x23FF, 0x23FF, 0x23FF, 0x0000, 0x0000, 0x0000, 0x0000, 0x0000, 0x0000,
 0x0000, 0x0000, 0x0000, 0x0000, 0x0000, 0x23FF, 0x23FF, 0x079F, 0x23FF, 0x23FF, 0x0000, 0x0000, 0x0000, 0x0000, 0x0000, 0x0000,
 0x0000, 0x0000, 0x0000, 0x0000, 0x0000, 0x0156, 0x23FF, 0x079F, 0x079F, 0x23FF, 0x0000, 0x0000, 0x0000, 0x0000, 0x0000, 0x0000,
 0x0000, 0x0000, 0x0000, 0x0000, 0x0000, 0x0156, 0x079F, 0x079F, 0x079F, 0x079F, 0x0156, 0x0000, 0x0000, 0x0000, 0x0000, 0x0000,
 0x0000, 0x0000, 0x0000, 0x0000, 0x0000, 0x0156, 0x23FF, 0x079F, 0x079F, 0x079F, 0x0156, 0x0000, 0x0000, 0x0000, 0x0000, 0x0000,
 0x0000, 0x0000, 0x0000, 0x0000, 0x0000, 0x0000, 0x23FF, 0x079F, 0x079F, 0x079F, 0x0156, 0x0000, 0x0000, 0x0000, 0x0000, 0x0000,
 0x0000, 0x0000, 0x0000, 0x0000, 0x0000, 0x0000, 0x0156, 0x23FF, 0x079F, 0x23FF, 0x0000, 0x0000, 0x0000, 0x0000, 0x0000, 0x0000,
 0x0000, 0x0000, 0x0000, 0x0000, 0x0000, 0x0000, 0x0000, 0x0156, 0x079F, 0x23FF, 0x0000, 0x0000, 0x0000, 0x0000, 0x0000, 0x0000,
 0x0000, 0x0000, 0x0000, 0x0000, 0x0000, 0x0000, 0x0000, 0x0156, 0x23FF, 0x23FF, 0x0156, 0x0000, 0x0000, 0x0000, 0x0000, 0x0000,
};
 
const unsigned short * const FlameFrames[32] = {
  Flame0, Flame1, Flame2, Flame3, Flame4, Flame5, Flame6, Flame7,
  Flame8, Flame9, Flame10, Flame11, Flame12, Flame13, Flame14, Flame15,
  Flame16, Flame17, Flame18, Flame19, Flame20, Flame21, Flame22, Flame23,
  Flame24, Flame25, Flame26, Flame27, Flame28, Flame29, Flame30, Flame31,
};
 

#endif /* __images_h */
